Date,Daily Rainfall Total (mm),Highest 30-min Rainfall (mm),Highest 60-min Rainfall (mm),Highest 120-min Rainfall (mm),Mean Temperature (°C),Maximum Temperature (°C),Minimum Temperature (°C),Mean Wind Speed (km/h),Max Wind Speed (km/h)
1 Jun,0.0,0.0,0.0,0.0,28.0,31.4,26.4,6.5,29.5
2 Jun,48.6,28.0,37.8,47.4,28.1,33.6,23.2,5.8,34.6
3 Jun,57.2,27.2,37.2,52.4,26.3,30.4,24.0,5.0,33.5
4 Jun,0.2,0.2,0.2,0.2,27.5,31.4,25.2,5.8,32.8
5 Jun,2.8,2.8,2.8,2.8,28.6,31.6,26.9,7.6,32.0
6 Jun,18.0,6.6,6.8,8.4,26.7,28.4,24.5,6.5,39.6
7 Jun,6.4,1.8,2.6,4.2,25.7,27.1,24.0,5.8,36.7
8 Jun,0.4,0.4,0.4,0.4,27.0,30.1,25.1,5.4,27.4
9 Jun,0.0,0.0,0.0,0.0,28.3,32.3,26.8,6.8,31.7
10 Jun,4.2,4.0,4.0,4.0,28.9,32.5,27.5,8.3,32.4
11 Jun,13.2,7.4,12.0,12.0,28.8,33.1,25.6,8.6,37.4
12 Jun,31.0,14.4,18.2,23.2,26.4,28.2,23.6,10.1,47.2
13 Jun,4.8,2.2,3.0,4.0,28.0,30.4,26.6,8.3,27.7
14 Jun,0.2,0.2,0.2,0.2,28.7,31.5,26.9,8.3,33.5
15 Jun,0.0,0.0,0.0,0.0,28.4,31.5,26.0,7.9,33.5
16 Jun,0.0,0.0,0.0,0.0,28.8,32.4,27.5,10.1,37.8
17 Jun,0.0,0.0,0.0,0.0,28.6,31.8,27.0,8.6,33.1
18 Jun,3.6,1.4,1.6,1.8,27.0,29.0,25.2,6.5,34.9
19 Jun,18.2,17.0,18.0,18.0,27.3,29.4,23.8,5.4,28.1
20 Jun,0.0,0.0,0.0,0.0,28.4,31.4,26.8,7.9,34.2
21 Jun,0.0,0.0,0.0,0.0,27.9,32.3,25.9,7.6,36.4
22 Jun,7.2,4.8,6.4,6.8,26.8,29.9,23.1,7.2,42.5
23 Jun,0.2,0.2,0.2,0.2,28.2,32.2,25.8,8.6,34.6
24 Jun,0.0,0.0,0.0,0.0,28.6,32.1,27.0,9.0,40.0
25 Jun,0.0,0.0,0.0,0.0,29.0,31.9,27.4,10.8,37.8
26 Jun,21.8,17.2,21.2,21.8,27.5,31.2,23.9,7.2,34.9
27 Jun,0.0,0.0,0.0,0.0,28.6,31.9,26.7,8.3,33.5
28 Jun,0.0,0.0,0.0,0.0,29.0,32.6,27.5,10.8,37.8
29 Jun,5.6,5.2,5.2,5.4,28.3,31.9,24.9,10.8,45.4
30 Jun,0.0,0.0,0.0,0.0,28.2,30.4,26.7,9.7,46.8
1 May,0.0,0.0,0.0,0.0,29.4,32.7,27.1,4.0,26.3
2 May,0.0,0.0,0.0,0.0,29.5,33.7,27.8,5.0,23.0
3 May,2.2,2.0,2.0,2.0,29.5,32.9,27.1,6.1,23.8
4 May,18.2,16.4,16.6,17.6,28.5,32.5,23.0,5.8,67.0
5 May,0.0,0.0,0.0,0.0,28.1,31.1,26.1,7.9,32.0
6 May,0.0,0.0,0.0,0.0,29.7,33.1,27.7,7.2,40.7
7 May,4.0,2.6,4.0,4.0,29.9,33.5,27.6,5.8,32.0
8 May,41.0,29.8,34.4,35.0,26.7,29.7,22.1,6.1,58.3
9 May,0.2,0.2,0.2,0.2,29.4,33.1,27.0,5.8,27.4
10 May,43.4,15.2,17.0,26.6,29.0,33.0,22.0,5.8,46.8
11 May,17.8,12.2,17.2,17.8,28.7,30.8,24.3,4.3,41.4
12 May,0.0,0.0,0.0,0.0,29.6,33.8,27.4,4.7,25.2
13 May,1.6,1.2,1.6,1.6,28.8,31.8,27.1,6.1,38.5
14 May,1.6,1.2,1.2,1.2,28.8,33.3,26.5,6.8,41.8
15 May,0.6,0.6,0.6,0.6,29.1,33.0,26.2,6.1,31.3
16 May,3.2,2.0,2.4,3.2,28.5,31.6,26.1,4.7,29.2
17 May,7.8,4.8,5.2,6.2,27.4,30.0,24.1,6.8,40.0
18 May,0.0,0.0,0.0,0.0,28.6,31.6,26.9,7.9,32.0
19 May,4.6,4.2,4.6,4.6,27.2,30.1,22.8,5.8,52.6
20 May,0.0,0.0,0.0,0.0,28.3,31.1,26.3,5.8,32.4
21 May,1.0,1.0,1.0,1.0,28.1,31.8,26.5,6.8,35.6
22 May,1.0,0.6,1.0,1.0,27.9,32.2,26.2,5.8,52.9
23 May,0.0,0.0,0.0,0.0,28.8,32.2,25.8,8.6,44.3
24 May,0.0,0.0,0.0,0.0,29.8,34.7,28.0,7.9,30.6
25 May,0.0,0.0,0.0,0.0,29.0,32.4,27.6,8.3,41.8
26 May,0.0,0.0,0.0,0.0,29.3,33.6,27.6,8.3,35.3
27 May,7.0,6.8,6.8,6.8,28.9,32.8,25.6,10.4,47.5
28 May,0.2,0.2,0.2,0.2,29.1,31.8,27.8,11.5,42.1
29 May,0.0,0.0,0.0,0.0,29.2,33.5,27.8,7.6,28.8
30 May,29.4,15.6,20.8,21.6,27.7,32.0,24.5,6.1,40.3
31 May,1.6,1.6,1.6,1.6,28.5,33.1,26.2,6.8,35.3
1 Apr,50.6,17.8,18.6,22.4,26.3,29.6,23.6,4.7,38.5
2 Apr,0.2,0.2,0.2,0.2,27.9,31.6,26.1,5.0,25.6
3 Apr,27.0,13.8,22.0,24.0,26.9,31.9,21.9,4.7,59.8
4 Apr,41.8,20.2,34.6,41.8,28.1,34.7,24.6,6.1,30.6
5 Apr,4.6,4.6,4.6,4.6,28.1,33.8,25.0,5.4,38.2
6 Apr,0.0,0.0,0.0,0.0,28.1,32.7,25.6,8.3,36.4
7 Apr,0.0,0.0,0.0,0.0,28.7,32.6,26.2,7.6,32.0
8 Apr,0.0,0.0,0.0,0.0,28.9,33.7,26.4,6.5,31.3
9 Apr,9.2,8.2,9.2,9.2,28.8,33.8,26.3,5.0,28.4
10 Apr,1.4,0.8,1.2,1.2,28.3,33.5,26.5,4.0,30.2
11 Apr,4.2,2.4,3.8,4.0,27.6,30.7,25.9,4.3,22.0
12 Apr,0.0,0.0,0.0,0.0,28.8,32.9,25.9,4.7,30.6
13 Apr,0.0,0.0,0.0,0.0,29.0,33.7,26.4,7.6,32.4
14 Apr,0.0,0.0,0.0,0.0,28.5,32.3,26.9,8.3,35.3
15 Apr,0.0,0.0,0.0,0.0,29.4,34.3,26.5,6.5,37.1
16 Apr,0.0,0.0,0.0,0.0,29.8,33.8,27.7,9.0,29.2
17 Apr,0.0,0.0,0.0,0.0,29.7,33.0,27.1,8.6,35.3
18 Apr,0.0,0.0,0.0,0.0,29.6,32.8,27.6,7.2,33.5
19 Apr,0.0,0.0,0.0,0.0,29.5,35.7,26.7,5.4,33.5
20 Apr,25.2,12.4,16.4,20.8,27.8,30.1,25.3,5.4,30.6
21 Apr,0.0,0.0,0.0,0.0,29.1,34.9,27.1,7.9,34.9
22 Apr,0.0,0.0,0.0,0.0,28.5,32.7,26.6,6.1,38.2
23 Apr,27.8,16.0,20.0,22.4,27.6,33.3,24.4,4.0,32.8
24 Apr,21.8,16.6,21.8,21.8,27.9,31.2,25.9,4.3,20.2
25 Apr,0.0,0.0,0.0,0.0,28.3,31.9,26.4,5.0,30.2
26 Apr,36.6,12.8,23.8,28.4,25.9,28.3,23.3,4.3,33.5
27 Apr,14.2,6.8,8.6,9.8,27.1,31.4,24.3,5.0,26.3
28 Apr,0.6,0.6,0.6,0.6,28.6,34.0,24.7,6.5,55.1
29 Apr,1.2,1.2,1.2,1.2,28.9,33.7,25.6,7.9,40.7
30 Apr,0.4,0.4,0.4,0.4,28.2,32.7,26.4,4.0,28.4
1 Mar,0.0,0.0,0.0,0.0,28.0,32.4,26.0,7.2,37.8
2 Mar,0.0,0.0,0.0,0.0,28.1,33.8,25.7,7.2,32.4
3 Mar,0.0,0.0,0.0,0.0,27.8,33.3,25.0,6.8,34.9
4 Mar,0.2,0.2,0.2,0.2,27.8,34.3,24.9,6.1,29.2
5 Mar,0.0,0.0,0.0,0.0,28.5,33.3,25.4,6.1,27.0
6 Mar,0.0,0.0,0.0,0.0,28.3,33.1,26.7,6.1,29.2
7 Mar,0.0,0.0,0.0,0.0,28.8,33.1,26.9,7.2,40.3
8 Mar,0.0,0.0,0.0,0.0,28.7,32.5,26.6,7.9,33.5
9 Mar,0.0,0.0,0.0,0.0,28.8,33.4,26.5,8.3,35.3
10 Mar,0.0,0.0,0.0,0.0,28.4,32.6,26.6,9.4,39.2
11 Mar,16.4,11.8,16.0,16.2,27.0,33.2,22.0,5.8,37.4
12 Mar,2.4,2.0,2.2,2.4,28.4,33.6,24.3,6.1,30.6
13 Mar,0.0,0.0,0.0,0.0,29.0,34.3,26.4,5.8,28.4
14 Mar,0.0,0.0,0.0,0.0,28.7,33.3,26.2,6.1,30.2
15 Mar,0.0,0.0,0.0,0.0,28.4,34.4,25.1,6.1,33.8
16 Mar,0.0,0.0,0.0,0.0,28.2,32.8,24.8,6.5,37.8
17 Mar,0.0,0.0,0.0,0.0,28.6,33.4,25.9,6.8,30.6
18 Mar,0.0,0.0,0.0,0.0,28.7,33.6,25.3,6.5,32.4
19 Mar,0.0,0.0,0.0,0.0,28.5,33.9,26.3,7.6,32.0
20 Mar,0.0,0.0,0.0,0.0,29.0,33.6,26.6,6.5,33.1
21 Mar,39.0,18.8,28.2,34.0,27.5,34.4,23.8,7.2,37.1
22 Mar,0.0,0.0,0.0,0.0,28.4,34.9,25.1,5.8,29.5
23 Mar,5.0,5.0,5.0,5.0,28.7,33.7,26.3,5.8,38.2
24 Mar,0.2,0.2,0.2,0.2,28.7,34.8,25.8,5.0,27.0
25 Mar,6.6,6.0,6.0,6.0,28.4,33.6,24.1,5.8,34.6
26 Mar,0.0,0.0,0.0,0.0,29.1,33.1,27.0,7.9,40.3
27 Mar,0.0,0.0,0.0,0.0,29.5,34.1,26.7,7.2,33.5
28 Mar,0.2,0.2,0.2,0.2,27.9,33.0,24.9,5.8,38.9
29 Mar,0.0,0.0,0.0,0.0,29.0,33.5,25.4,6.5,32.0
30 Mar,0.0,0.0,0.0,0.0,27.6,31.6,24.2,5.0,36.4
31 Mar,0.0,0.0,0.0,0.0,28.4,31.4,26.2,6.1,33.8
1 Feb,0.0,0.0,0.0,0.0,27.8,32.2,25.3,7.9,34.6
2 Feb,0.0,0.0,0.0,0.0,27.8,32.1,25.9,7.2,31.0
3 Feb,0.0,0.0,0.0,0.0,28.0,31.4,25.8,7.2,38.2
4 Feb,0.4,0.4,0.4,0.4,27.9,34.3,25.6,6.1,30.2
5 Feb,0.0,0.0,0.0,0.0,27.7,33.6,24.8,6.1,33.5
6 Feb,0.0,0.0,0.0,0.0,27.8,32.4,24.8,6.8,32.0
7 Feb,1.2,1.2,1.2,1.2,27.6,34.3,25.2,6.1,28.8
8 Feb,0.0,0.0,0.0,0.0,28.0,34.2,25.4,6.8,32.4
9 Feb,0.0,0.0,0.0,0.0,28.4,34.3,25.8,7.6,37.8
10 Feb,0.0,0.0,0.0,0.0,28.2,33.0,25.9,7.6,32.8
11 Feb,0.0,0.0,0.0,0.0,27.6,32.6,24.9,7.9,35.6
12 Feb,0.0,0.0,0.0,0.0,28.5,33.6,25.1,6.5,32.4
13 Feb,0.2,0.2,0.2,0.2,28.1,32.6,26.1,7.9,39.6
14 Feb,0.0,0.0,0.0,0.0,28.1,31.9,26.5,9.0,41.0
15 Feb,0.0,0.0,0.0,0.0,27.6,32.1,25.8,7.2,35.3
16 Feb,0.0,0.0,0.0,0.0,28.0,33.7,25.2,7.2,30.2
17 Feb,6.4,5.0,5.2,5.4,27.0,34.4,24.1,6.1,37.4
18 Feb,5.6,4.6,5.2,5.2,26.6,31.3,22.2,4.7,37.4
19 Feb,5.2,5.0,5.0,5.0,27.6,32.5,25.8,7.2,32.4
20 Feb,0.0,0.0,0.0,0.0,27.9,31.6,25.9,5.8,28.4
21 Feb,0.0,0.0,0.0,0.0,28.1,32.2,25.6,7.9,38.5
22 Feb,0.0,0.0,0.0,0.0,28.5,33.8,25.6,7.2,33.1
23 Feb,0.0,0.0,0.0,0.0,27.9,32.3,25.7,6.8,33.1
24 Feb,0.0,0.0,0.0,0.0,27.7,33.2,25.4,6.5,33.1
25 Feb,0.0,0.0,0.0,0.0,28.3,32.3,25.7,7.9,36.4
26 Feb,0.0,0.0,0.0,0.0,27.9,31.1,26.0,8.6,39.6
27 Feb,0.0,0.0,0.0,0.0,27.7,32.1,26.2,7.9,42.5
28 Feb,0.0,0.0,0.0,0.0,27.9,31.3,25.8,6.5,35.3
1 Jan,0.2,0.2,0.2,0.2,27.9,34.3,24.9,6.1,32.4
2 Jan,0.0,0.0,0.0,0.0,28.2,32.3,25.6,10.1,39.2
3 Jan,0.0,0.0,0.0,0.0,28.3,31.2,26.0,13.0,51.1
4 Jan,0.0,0.0,0.0,0.0,28.6,31.8,25.9,9.7,34.6
5 Jan,0.8,0.8,0.8,0.8,28.0,32.0,26.5,5.8,32.4
6 Jan,0.0,0.0,0.0,0.0,28.3,32.6,26.2,7.2,38.2
7 Jan,0.0,0.0,0.0,0.0,28.4,32.4,26.4,7.9,38.2
8 Jan,8.2,5.4,5.6,5.8,27.6,31.6,26.0,6.1,39.2
9 Jan,0.0,0.0,0.0,0.0,28.0,31.4,26.1,7.2,34.6
10 Jan,0.0,0.0,0.0,0.0,28.3,32.3,26.0,7.9,38.9
11 Jan,0.0,0.0,0.0,0.0,27.9,32.3,25.3,7.2,34.6
12 Jan,43.6,22.8,36.6,43.6,27.8,33.5,23.8,6.1,28.4
13 Jan,8.2,8.0,8.0,8.0,27.6,33.1,25.3,6.5,37.8
14 Jan,0.0,0.0,0.0,0.0,27.7,32.7,25.7,6.8,33.8
15 Jan,0.4,0.4,0.4,0.4,27.8,32.4,24.9,6.1,28.8
16 Jan,0.0,0.0,0.0,0.0,27.9,32.0,24.9,6.8,32.4
17 Jan,12.6,10.2,11.2,11.4,26.3,31.7,24.0,5.8,36.7
18 Jan,49.0,22.8,25.8,27.4,25.2,27.8,22.5,7.2,37.4
19 Jan,0.0,0.0,0.0,0.0,26.9,30.8,24.5,7.2,35.6
20 Jan,0.0,0.0,0.0,0.0,27.7,32.4,25.1,7.9,41.0
21 Jan,4.0,3.2,4.0,4.0,27.4,31.9,25.3,7.2,40.0
22 Jan,0.0,0.0,0.0,0.0,27.2,30.8,25.0,9.0,42.8
23 Jan,0.0,0.0,0.0,0.0,27.6,31.3,25.4,9.4,43.9
24 Jan,0.0,0.0,0.0,0.0,27.2,30.5,25.7,7.9,35.6
25 Jan,0.0,0.0,0.0,0.0,26.9,30.0,25.2,7.6,37.4
26 Jan,0.0,0.0,0.0,0.0,26.9,30.5,25.1,9.0,38.5
27 Jan,0.0,0.0,0.0,0.0,27.3,31.1,25.4,9.0,40.3
28 Jan,0.4,0.4,0.4,0.4,26.3,28.7,24.9,7.2,41.4
29 Jan,0.0,0.0,0.0,0.0,27.4,31.9,25.3,8.3,41.4
30 Jan,0.0,0.0,0.0,0.0,27.6,31.1,25.6,7.6,34.9
31 Jan,0.0,0.0,0.0,0.0,27.3,32.0,25.3,6.5,34.2
1 Dec,21.2,9.2,12.6,13.4,26.5,31.1,24.1,5.8,41.8
2 Dec,7.4,4.8,5.2,5.4,26.3,33.7,24.4,5.8,28.4
3 Dec,11.6,6.2,8.2,9.8,26.2,30.6,24.4,4.3,22.3
4 Dec,0.0,0.0,0.0,0.0,27.8,33.9,24.8,5.4,27.0
5 Dec,16.2,11.4,13.2,13.2,27.0,31.9,24.0,4.7,38.5
6 Dec,10.8,4.8,5.0,8.6,26.4,32.0,24.6,4.0,20.9
7 Dec,2.4,1.4,1.4,1.8,26.8,31.6,24.7,4.3,21.6
8 Dec,6.8,5.4,6.2,6.8,26.9,32.2,23.9,4.7,28.4
9 Dec,0.4,0.2,0.2,0.2,27.9,33.0,25.5,4.0,28.4
10 Dec,3.0,2.2,2.6,2.6,27.2,32.2,25.1,4.0,29.9
11 Dec,13.2,6.0,7.2,9.4,25.9,31.1,23.8,4.7,34.2
12 Dec,37.2,25.8,34.0,36.2,26.0,31.7,23.5,5.0,31.0
13 Dec,0.0,0.0,0.0,0.0,26.0,28.4,24.7,5.4,28.1
14 Dec,0.0,0.0,0.0,0.0,26.6,30.6,24.3,5.4,36.0
15 Dec,56.2,19.0,21.2,29.4,26.3,32.3,22.8,4.7,28.4
16 Dec,18.0,9.0,11.2,14.8,26.4,33.1,23.7,4.3,31.0
17 Dec,0.0,0.0,0.0,0.0,27.1,31.4,24.7,5.8,38.5
18 Dec,0.0,0.0,0.0,0.0,28.0,31.5,25.6,6.5,30.6
19 Dec,7.6,6.4,7.6,7.6,27.9,33.9,25.6,4.3,24.1
20 Dec,0.6,0.4,0.6,0.6,27.7,33.1,25.1,5.8,29.2
21 Dec,3.2,3.2,3.2,3.2,27.6,33.1,25.4,6.5,43.2
22 Dec,0.6,0.6,0.6,0.6,27.7,33.9,25.3,5.8,28.8
23 Dec,0.0,0.0,0.0,0.0,27.9,34.7,25.1,4.3,26.6
24 Dec,0.0,0.0,0.0,0.0,28.4,32.7,25.7,5.4,29.2
25 Dec,0.0,0.0,0.0,0.0,28.5,31.4,26.2,5.8,29.9
26 Dec,9.4,7.2,9.4,9.4,27.7,31.4,22.6,9.7,37.4
27 Dec,0.0,0.0,0.0,0.0,27.1,29.9,25.2,7.6,33.8
28 Dec,0.0,0.0,0.0,0.0,28.7,32.3,26.2,8.3,37.4
29 Dec,0.0,0.0,0.0,0.0,27.6,30.1,25.1,6.1,22.7
30 Dec,1.2,1.2,1.2,1.2,28.2,34.2,25.9,5.8,31.0
31 Dec,32.8,13.4,21.2,31.0,26.6,30.9,23.6,6.5,42.5
1 Nov,2.6,1.4,1.8,2.4,26.2,28.3,24.6,5.0,31.3
2 Nov,0.8,0.6,0.6,0.6,26.8,32.3,25.2,5.8,41.4
3 Nov,1.4,0.8,1.2,1.4,27.0,31.4,24.9,4.3,23.4
4 Nov,30.8,28.6,29.0,29.6,27.0,32.5,23.6,5.0,29.2
5 Nov,0.0,0.0,0.0,0.0,27.1,33.0,25.3,5.0,25.6
6 Nov,1.8,1.0,1.2,1.4,26.9,33.1,23.9,5.8,28.4
7 Nov,22.0,16.0,19.6,22.0,27.7,33.3,23.8,5.0,33.1
8 Nov,20.8,6.8,10.0,16.0,27.9,33.2,23.4,6.1,32.8
9 Nov,17.6,11.4,16.4,17.6,26.6,28.1,24.2,3.2,21.2
10 Nov,2.2,1.0,1.0,2.0,27.2,32.3,24.4,4.3,33.8
11 Nov,62.8,32.8,47.2,62.4,26.3,32.4,22.7,4.3,27.0
12 Nov,22.0,17.4,21.6,22.0,27.2,33.3,24.3,4.7,27.0
13 Nov,0.6,0.4,0.4,0.4,26.8,30.3,24.1,4.3,20.5
14 Nov,70.0,28.6,49.2,67.0,27.2,31.2,23.8,5.0,38.2
15 Nov,7.2,3.4,4.4,5.2,25.9,30.7,23.5,5.8,58.3
16 Nov,0.0,0.0,0.0,0.0,28.1,32.7,24.7,4.7,27.4
17 Nov,18.0,16.6,17.6,18.0,27.2,30.6,22.0,6.1,72.7
18 Nov,4.4,2.0,2.6,3.6,26.3,29.3,23.6,5.0,29.5
19 Nov,10.8,6.0,8.0,10.0,26.7,33.7,24.2,4.7,27.4
20 Nov,1.4,1.2,1.2,1.2,27.7,31.8,24.3,4.7,29.2
21 Nov,22.0,10.0,10.4,10.6,25.9,29.7,22.7,6.8,46.1
22 Nov,1.8,1.0,1.0,1.4,26.8,30.0,23.2,4.0,33.5
23 Nov,13.6,7.0,11.8,13.6,27.4,33.0,24.9,4.3,24.5
24 Nov,0.0,0.0,0.0,0.0,28.3,33.0,24.9,5.0,26.3
25 Nov,20.0,19.8,19.8,20.0,27.7,31.2,24.1,3.6,26.3
26 Nov,13.2,9.4,10.0,12.6,28.2,33.0,22.3,5.0,39.6
27 Nov,34.6,23.8,31.6,32.4,26.4,29.4,22.9,6.1,49.0
28 Nov,0.6,0.4,0.4,0.4,27.8,32.8,25.5,4.3,27.4
29 Nov,7.0,6.8,6.8,7.0,27.5,31.5,25.8,4.3,35.6
30 Nov,3.0,0.6,1.0,1.6,27.2,31.0,25.1,5.0,24.1
1 Oct,0.0,0.0,0.0,0.0,28.9,33.2,27.0,11.5,37.4
2 Oct,0.0,0.0,0.0,0.0,29.0,32.9,26.9,9.4,29.9
3 Oct,0.0,0.0,0.0,0.0,29.0,33.4,26.9,7.6,31.7
4 Oct,0.0,0.0,0.0,0.0,29.4,33.4,27.5,11.5,37.4
5 Oct,0.0,0.0,0.0,0.0,29.3,34.5,27.3,9.7,32.8
6 Oct,0.4,0.4,0.4,0.4,27.9,33.2,26.9,7.6,46.1
7 Oct,0.0,0.0,0.0,0.0,27.6,31.1,26.2,5.4,32.4
8 Oct,6.6,5.0,5.6,5.8,26.8,30.7,24.0,4.0,31.0
9 Oct,25.0,6.8,10.2,15.6,25.9,29.4,23.5,4.3,21.2
10 Oct,30.0,13.2,13.4,13.6,25.7,31.2,23.7,4.7,31.7
11 Oct,30.6,23.6,25.4,29.6,26.3,32.7,23.3,4.3,25.9
12 Oct,6.4,2.6,3.0,3.0,26.2,30.1,24.0,5.8,27.0
13 Oct,11.0,7.0,9.6,9.8,26.1,28.7,23.0,5.0,44.6
14 Oct,6.4,3.8,5.0,5.6,25.0,26.0,23.9,4.3,27.4
15 Oct,0.0,0.0,0.0,0.0,27.9,32.1,24.6,6.1,28.4
16 Oct,0.0,0.0,0.0,0.0,27.5,33.6,25.6,5.0,41.4
17 Oct,0.0,0.0,0.0,0.0,27.1,30.6,25.3,5.4,23.0
18 Oct,3.0,2.0,2.0,2.6,26.3,28.9,23.0,6.5,24.8
19 Oct,13.4,9.8,11.6,12.4,27.8,32.0,23.1,5.4,36.7
20 Oct,0.0,0.0,0.0,0.0,28.7,32.3,26.6,7.2,25.9
21 Oct,0.0,0.0,0.0,0.0,28.9,33.3,27.3,8.3,32.4
22 Oct,0.0,0.0,0.0,0.0,28.8,33.5,25.2,7.9,33.5
23 Oct,15.0,13.2,14.2,14.8,27.1,32.4,22.4,5.0,30.6
24 Oct,1.6,1.0,1.6,1.6,27.0,31.1,25.1,5.0,31.3
25 Oct,5.6,5.6,5.6,5.6,27.3,30.4,24.9,3.6,27.7
26 Oct,0.0,0.0,0.0,0.0,28.2,33.5,25.5,5.0,32.0
27 Oct,0.0,0.0,0.0,0.0,27.6,31.6,25.6,5.0,29.5
28 Oct,7.0,3.6,6.4,6.6,27.0,31.8,24.7,3.6,32.8
29 Oct,5.4,3.4,3.4,4.6,27.5,34.0,24.3,5.0,29.5
30 Oct,21.2,6.4,7.2,12.4,26.9,34.2,25.1,5.0,31.7
31 Oct,0.0,0.0,0.0,0.0,27.2,32.4,24.9,5.0,27.7
1 Sep,0.0,0.0,0.0,0.0,27.9,33.4,24.8,5.0,20.2
2 Sep,10.4,9.2,10.2,10.2,26.9,28.3,23.7,4.7,36.7
3 Sep,0.2,0.2,0.2,0.2,27.2,30.3,24.2,9.7,57.2
4 Sep,29.4,16.8,22.0,28.6,25.7,27.7,22.0,4.7,34.9
5 Sep,0.0,0.0,0.0,0.0,27.1,29.9,24.5,6.8,27.7
6 Sep,0.0,0.0,0.0,0.0,28.1,32.5,26.2,6.5,32.8
7 Sep,57.0,17.8,34.8,44.8,26.2,28.2,24.2,4.7,29.2
8 Sep,71.0,41.6,46.6,65.2,26.1,29.1,21.5,7.9,54.4
9 Sep,16.0,10.8,15.6,15.8,27.1,29.6,23.7,7.2,42.1
10 Sep,3.8,3.0,3.6,3.6,26.8,30.1,24.5,7.2,35.6
11 Sep,1.4,1.2,1.2,1.2,26.2,29.8,24.8,5.4,36.0
12 Sep,0.0,0.0,0.0,0.0,27.0,29.8,25.0,8.6,37.1
13 Sep,0.0,0.0,0.0,0.0,28.7,32.5,26.5,8.6,36.0
14 Sep,0.0,0.0,0.0,0.0,28.6,32.1,26.6,10.4,40.3
15 Sep,0.0,0.0,0.0,0.0,28.2,31.0,27.0,9.7,34.9
16 Sep,0.0,0.0,0.0,0.0,28.0,30.6,26.9,10.1,38.9
17 Sep,0.0,0.0,0.0,0.0,28.4,31.7,26.8,10.4,37.1
18 Sep,2.0,1.2,1.2,1.2,27.4,32.2,25.1,6.8,32.8
19 Sep,43.4,28.4,37.6,42.6,26.5,32.2,23.0,6.5,35.6
20 Sep,9.6,7.6,9.2,9.6,26.2,30.1,21.8,5.4,39.6
21 Sep,7.0,4.2,4.4,4.4,25.7,30.2,22.5,5.8,32.4
22 Sep,0.8,0.4,0.6,0.6,27.2,31.7,25.1,7.6,28.1
23 Sep,0.0,0.0,0.0,0.0,28.6,32.6,25.6,7.9,29.5
24 Sep,0.0,0.0,0.0,0.0,28.7,32.7,26.5,9.4,27.4
25 Sep,0.0,0.0,0.0,0.0,28.8,34.1,26.9,9.0,27.0
26 Sep,0.0,0.0,0.0,0.0,28.4,32.7,26.8,9.4,31.7
27 Sep,0.0,0.0,0.0,0.0,28.9,33.4,26.8,9.0,28.8
28 Sep,0.0,0.0,0.0,0.0,29.0,33.1,27.0,9.4,29.2
29 Sep,0.0,0.0,0.0,0.0,28.9,33.1,26.9,10.4,35.6
30 Sep,0.0,0.0,0.0,0.0,28.8,33.5,26.9,11.9,37.8
1 Aug,1.2,0.2,0.4,0.8,25.9,26.9,24.5,6.5,28.4
2 Aug,0.0,0.0,0.0,0.0,27.3,31.8,25.7,9.7,36.0
3 Aug,0.0,0.0,0.0,0.0,28.1,31.5,26.1,9.7,35.6
4 Aug,0.0,0.0,0.0,0.0,27.8,30.7,26.7,10.1,29.9
5 Aug,12.6,6.6,6.8,9.6,27.6,29.5,25.9,9.4,38.5
6 Aug,0.0,0.0,0.0,0.0,28.0,30.7,26.7,10.1,36.0
7 Aug,0.0,0.0,0.0,0.0,27.7,29.9,26.3,10.4,35.3
8 Aug,2.2,1.8,1.8,1.8,26.5,28.7,21.8,8.6,61.2
9 Aug,0.0,0.0,0.0,0.0,28.0,31.1,26.8,8.6,33.5
10 Aug,0.0,0.0,0.0,0.0,28.5,31.1,26.9,9.4,31.3
11 Aug,0.0,0.0,0.0,0.0,28.7,32.9,26.9,9.4,36.4
12 Aug,0.0,0.0,0.0,0.0,28.8,32.6,26.7,9.4,33.1
13 Aug,0.0,0.0,0.0,0.0,29.0,32.8,26.9,10.1,34.2
14 Aug,0.2,0.2,0.2,0.2,28.7,31.8,27.3,11.5,40.3
15 Aug,0.0,0.0,0.0,0.0,28.9,32.7,27.4,11.5,37.4
16 Aug,0.0,0.0,0.0,0.0,28.7,32.7,27.0,10.8,40.7
17 Aug,13.4,12.8,13.4,13.4,27.8,29.4,22.5,10.8,39.2
18 Aug,0.0,0.0,0.0,0.0,28.3,31.5,26.0,11.9,40.0
19 Aug,0.0,0.0,0.0,0.0,28.7,32.0,27.2,12.6,36.4
20 Aug,0.0,0.0,0.0,0.0,28.7,32.4,27.1,10.8,35.6
21 Aug,0.0,0.0,0.0,0.0,28.6,31.7,27.0,11.9,37.4
22 Aug,30.6,20.2,21.6,21.8,27.1,28.8,23.8,6.5,40.7
23 Aug,0.2,0.2,0.2,0.2,28.4,31.5,26.2,5.8,26.6
24 Aug,6.0,2.8,5.0,5.4,26.8,29.7,22.9,7.2,61.2
25 Aug,0.0,0.0,0.0,0.0,27.1,30.9,24.9,7.9,48.2
26 Aug,0.0,0.0,0.0,0.0,28.5,32.0,26.5,8.6,32.4
27 Aug,0.0,0.0,0.0,0.0,28.7,32.1,26.9,11.2,35.6
28 Aug,0.0,0.0,0.0,0.0,28.5,31.8,27.1,7.9,31.7
29 Aug,0.0,0.0,0.0,0.0,27.9,30.1,26.3,7.2,30.6
30 Aug,0.0,0.0,0.0,0.0,28.1,31.4,25.2,8.3,37.4
31 Aug,21.2,20.6,21.0,21.2,27.2,32.5,23.0,8.6,64.8
1 Jul,0.6,0.2,0.4,0.4,26.7,29.5,25.5,7.2,37.1
2 Jul,1.2,0.8,1.0,1.0,27.1,31.0,25.4,6.5,27.7
3 Jul,0.6,0.6,0.6,0.6,27.2,29.8,24.1,6.8,29.2
4 Jul,0.0,0.0,0.0,0.0,28.3,31.8,26.5,8.3,28.4
5 Jul,0.0,0.0,0.0,0.0,28.3,32.1,26.6,9.7,33.5
6 Jul,0.0,0.0,0.0,0.0,28.1,31.0,26.9,10.4,33.1
7 Jul,0.0,0.0,0.0,0.0,28.1,31.7,26.5,9.7,32.0
8 Jul,0.0,0.0,0.0,0.0,28.2,30.9,26.8,9.4,36.0
9 Jul,1.2,1.2,1.2,1.2,28.2,31.5,25.1,9.4,38.9
10 Jul,11.0,7.8,8.0,10.4,26.3,28.1,22.6,8.6,38.9
11 Jul,0.0,0.0,0.0,0.0,27.8,30.8,26.2,7.6,29.5
12 Jul,0.0,0.0,0.0,0.0,28.6,33.9,27.2,9.0,28.1
13 Jul,0.0,0.0,0.0,0.0,28.3,30.9,26.9,10.8,41.8
14 Jul,0.0,0.0,0.0,0.0,28.2,31.0,25.8,9.4,38.2
15 Jul,17.4,14.6,15.8,16.8,26.8,30.6,21.3,9.0,47.5
16 Jul,0.0,0.0,0.0,0.0,28.3,31.5,26.7,10.1,35.6
17 Jul,0.0,0.0,0.0,0.0,28.3,30.6,26.8,10.4,42.5
18 Jul,0.0,0.0,0.0,0.0,28.5,31.1,27.1,10.8,42.5
19 Jul,14.2,12.2,13.8,14.2,27.8,30.6,23.3,9.0,36.0
20 Jul,9.2,8.6,9.0,9.0,28.4,31.3,25.2,7.9,31.3
21 Jul,3.0,3.0,3.0,3.0,28.1,30.6,25.4,6.5,28.8
22 Jul,0.2,0.2,0.2,0.2,28.6,32.1,27.3,8.3,31.7
23 Jul,0.0,0.0,0.0,0.0,29.0,33.2,27.3,10.1,31.7
24 Jul,0.0,0.0,0.0,0.0,28.9,33.2,27.1,11.2,37.1
25 Jul,0.6,0.4,0.4,0.6,27.0,31.0,24.5,7.2,49.0
26 Jul,0.0,0.0,0.0,0.0,28.1,33.5,25.8,8.6,31.3
27 Jul,0.0,0.0,0.0,0.0,28.7,32.5,26.8,10.4,36.0
28 Jul,0.0,0.0,0.0,0.0,28.9,32.7,27.0,10.4,32.0
29 Jul,0.0,0.0,0.0,0.0,28.6,32.2,27.2,9.0,34.6
30 Jul,8.4,3.4,4.6,4.8,26.3,27.7,23.1,8.6,38.5
31 Jul,0.0,0.0,0.0,0.0,27.1,32.0,25.7,5.8,33.8
1 Jun,34.6,12.0,17.0,24.6,27.5,31.4,23.3,4.7,32.4
2 Jun,28.0,12.0,14.2,23.2,27.0,32.3,22.5,4.0,58.3
3 Jun,0.0,0.0,0.0,0.0,28.9,33.4,26.1,5.4,28.8
4 Jun,0.0,0.0,0.0,0.0,29.1,33.0,25.0,7.6,43.9
5 Jun,0.0,0.0,0.0,0.0,29.3,32.5,27.7,9.4,35.6
6 Jun,0.0,0.0,0.0,0.0,29.6,33.1,27.8,10.1,28.4
7 Jun,0.0,0.0,0.0,0.0,29.7,33.2,28.0,9.7,31.0
8 Jun,41.4,38.0,41.2,41.4,28.6,31.6,22.4,7.9,49.7
9 Jun,0.0,0.0,0.0,0.0,29.1,32.6,27.7,7.2,24.1
10 Jun,0.0,0.0,0.0,0.0,29.2,31.6,27.8,10.1,35.3
11 Jun,0.0,0.0,0.0,0.0,29.4,32.6,28.1,10.8,37.8
12 Jun,0.0,0.0,0.0,0.0,29.2,31.7,28.0,9.0,34.9
13 Jun,1.8,1.4,1.8,1.8,28.3,32.3,26.4,7.6,30.6
14 Jun,0.0,0.0,0.0,0.0,28.7,31.9,27.3,6.8,34.2
15 Jun,2.2,0.8,0.8,1.0,26.8,28.5,23.2,6.5,47.9
16 Jun,0.0,0.0,0.0,0.0,28.7,32.4,26.5,8.6,36.7
17 Jun,0.0,0.0,0.0,0.0,29.1,32.9,27.9,8.6,31.0
18 Jun,19.0,18.6,18.8,18.8,28.0,30.0,23.5,7.9,33.1
19 Jun,16.2,15.2,16.2,16.2,27.1,29.7,22.8,10.4,43.2
20 Jun,9.4,5.8,6.4,6.8,26.7,29.0,23.1,6.5,34.2
21 Jun,0.0,0.0,0.0,0.0,27.7,30.9,25.4,5.0,28.4
22 Jun,6.8,6.6,6.8,6.8,27.8,31.2,25.6,6.8,47.2
23 Jun,2.4,2.4,2.4,2.4,26.9,28.9,25.1,6.5,33.1
24 Jun,6.2,5.8,6.2,6.2,26.1,28.6,23.3,7.2,28.4
25 Jun,4.0,2.8,3.0,3.6,26.0,28.5,22.9,7.9,37.1
26 Jun,29.8,11.8,20.0,23.2,26.2,27.5,22.6,6.8,28.8
27 Jun,3.6,1.2,1.8,2.0,25.6,27.2,23.8,6.5,38.5
28 Jun,0.0,0.0,0.0,0.0,27.7,31.2,25.6,7.6,33.1
29 Jun,34.2,24.8,28.0,33.0,25.7,27.1,22.5,5.8,36.0
30 Jun,0.0,0.0,0.0,0.0,27.4,30.0,25.9,8.6,26.6
1 May,13.0,10.6,10.8,10.8,26.8,28.6,24.6,4.0,52.2
2 May,2.8,2.6,2.8,2.8,27.9,33.9,24.8,4.0,28.1
3 May,8.0,4.2,6.2,8.0,28.4,33.1,24.2,4.7,31.0
4 May,0.8,0.6,0.6,0.6,28.7,33.6,25.8,5.0,25.6
5 May,0.0,0.0,0.0,0.0,28.6,31.6,26.1,6.8,29.2
6 May,0.0,0.0,0.0,0.0,29.1,32.4,27.7,8.3,27.7
7 May,0.0,0.0,0.0,0.0,29.0,32.4,26.3,7.2,32.8
8 May,0.0,0.0,0.0,0.0,29.4,33.4,27.6,10.8,32.0
9 May,0.0,0.0,0.0,0.0,29.6,33.4,28.0,13.3,44.3
10 May,0.0,0.0,0.0,0.0,29.2,32.3,27.8,10.4,41.8
11 May,0.0,0.0,0.0,0.0,29.3,34.2,28.0,7.9,28.4
12 May,0.0,0.0,0.0,0.0,29.4,34.8,28.0,9.0,34.6
13 May,4.4,2.0,2.0,2.0,28.0,30.7,26.0,6.8,28.1
14 May,3.6,1.8,2.0,2.0,28.2,31.8,24.8,7.2,28.1
15 May,7.0,6.0,6.2,6.4,28.3,33.0,26.2,6.1,31.3
16 May,0.4,0.2,0.2,0.2,27.2,31.4,25.0,5.4,33.1
17 May,0.0,0.0,0.0,0.0,28.5,31.8,26.2,4.7,25.6
18 May,2.2,1.4,1.4,1.4,28.2,32.6,25.0,5.0,33.5
19 May,48.4,26.2,37.4,48.4,27.1,33.3,24.2,4.0,41.0
20 May,17.2,13.6,14.8,15.4,26.4,30.7,23.2,4.3,28.8
21 May,0.0,0.0,0.0,0.0,28.2,31.8,25.9,5.0,23.8
22 May,1.6,1.6,1.6,1.6,28.3,31.5,26.9,5.8,28.1
23 May,11.0,4.6,5.6,9.0,27.0,29.7,24.1,4.7,41.4
24 May,0.2,0.2,0.2,0.2,28.1,32.7,23.8,7.6,34.2
25 May,7.2,6.2,7.2,7.2,28.6,32.9,25.9,6.1,38.2
26 May,69.6,38.0,62.2,67.4,26.9,31.9,23.8,4.7,37.1
27 May,2.0,1.4,2.0,2.0,27.1,31.2,25.1,5.0,25.2
28 May,6.4,4.8,5.4,5.6,27.1,29.4,24.2,6.1,34.2
29 May,0.2,0.2,0.2,0.2,27.8,33.5,25.6,5.0,26.3
30 May,7.2,3.0,4.0,4.0,27.5,32.6,24.6,4.7,31.0
31 May,1.4,1.0,1.0,1.4,27.4,31.3,24.3,4.7,31.3
1 Apr,11.0,5.4,7.6,11.0,27.4,33.3,24.2,5.4,42.8
2 Apr,4.4,4.2,4.2,4.2,28.2,33.8,25.5,5.0,29.9
3 Apr,0.0,0.0,0.0,0.0,28.3,33.8,26.3,6.5,27.4
4 Apr,0.0,0.0,0.0,0.0,28.1,31.9,25.9,7.9,31.3
5 Apr,0.0,0.0,0.0,0.0,28.1,33.7,25.9,7.2,29.5
6 Apr,0.0,0.0,0.0,0.0,28.2,32.6,25.8,6.5,29.2
7 Apr,27.4,11.6,15.0,23.4,27.1,32.5,24.3,6.5,32.4
8 Apr,3.2,3.2,3.2,3.2,27.8,32.4,26.2,6.8,34.2
9 Apr,0.0,0.0,0.0,0.0,28.3,32.0,26.5,7.6,39.6
10 Apr,0.0,0.0,0.0,0.0,28.3,31.8,25.8,8.3,39.6
11 Apr,0.0,0.0,0.0,0.0,28.6,32.2,26.5,7.6,33.1
12 Apr,0.2,0.2,0.2,0.2,29.0,33.3,26.6,6.1,33.8
13 Apr,0.0,0.0,0.0,0.0,29.1,33.3,27.0,6.8,40.3
14 Apr,34.4,24.0,30.2,31.6,27.5,33.6,23.9,4.3,40.0
15 Apr,20.4,12.4,18.4,18.4,26.7,32.5,24.2,4.7,29.2
16 Apr,0.6,0.4,0.4,0.6,26.2,28.5,25.2,4.3,32.0
17 Apr,0.0,0.0,0.0,0.0,27.6,33.5,25.1,4.0,31.3
18 Apr,0.0,0.0,0.0,0.0,28.4,32.8,26.0,5.8,29.5
19 Apr,2.8,2.0,2.2,2.6,27.4,33.0,25.3,4.7,33.1
20 Apr,13.6,5.0,9.2,12.4,27.1,33.0,23.8,5.0,41.4
21 Apr,0.0,0.0,0.0,0.0,27.3,31.9,25.2,4.3,26.3
22 Apr,0.4,0.2,0.2,0.2,28.0,32.3,26.0,4.7,32.8
23 Apr,65.8,38.4,63.0,65.8,27.1,33.7,23.7,4.0,30.6
24 Apr,4.4,3.2,4.2,4.4,27.7,31.1,24.8,5.4,25.6
25 Apr,0.0,0.0,0.0,0.0,29.5,32.7,26.4,6.1,26.6
26 Apr,0.2,0.2,0.2,0.2,28.7,34.2,26.4,6.1,38.9
27 Apr,20.6,11.4,11.8,12.6,26.5,30.9,23.2,5.0,33.5
28 Apr,0.0,0.0,0.0,0.0,28.1,32.6,24.8,6.1,31.3
29 Apr,0.0,0.0,0.0,0.0,29.3,32.2,27.4,9.4,31.3
30 Apr,0.0,0.0,0.0,0.0,29.1,32.8,27.8,10.1,43.6
1 Mar,0.0,0.0,0.0,0.0,27.6,32.6,25.1,5.8,28.4
2 Mar,28.0,22.4,27.6,28.0,27.2,31.9,23.5,5.4,23.8
3 Mar,0.0,0.0,0.0,0.0,27.6,32.7,25.6,6.1,28.4
4 Mar,32.8,31.0,32.4,32.8,27.1,32.2,24.3,5.0,27.0
5 Mar,0.0,0.0,0.0,0.0,28.3,33.1,25.8,6.5,31.0
6 Mar,0.0,0.0,0.0,0.0,28.4,33.4,25.5,5.8,29.9
7 Mar,5.2,3.0,3.4,5.2,26.1,28.3,24.3,5.4,37.8
8 Mar,0.0,0.0,0.0,0.0,26.6,29.6,24.7,6.1,32.4
9 Mar,0.0,0.0,0.0,0.0,28.0,32.0,25.4,7.2,38.5
10 Mar,2.4,0.8,0.8,1.0,27.0,29.5,24.9,8.3,46.8
11 Mar,0.0,0.0,0.0,0.0,27.4,31.3,25.1,7.2,36.0
12 Mar,6.6,6.4,6.6,6.6,27.1,30.5,24.2,6.5,38.9
13 Mar,0.0,0.0,0.0,0.0,27.7,31.9,25.5,6.5,34.9
14 Mar,0.0,0.0,0.0,0.0,28.1,33.1,25.4,5.8,31.0
15 Mar,0.0,0.0,0.0,0.0,28.4,33.6,25.7,6.1,24.1
16 Mar,2.4,2.0,2.2,2.2,27.8,31.4,25.3,7.2,58.7
17 Mar,0.0,0.0,0.0,0.0,28.3,34.3,25.9,7.2,28.8
18 Mar,0.0,0.0,0.0,0.0,28.2,33.1,26.1,7.2,36.0
19 Mar,1.8,1.6,1.8,1.8,28.3,33.4,26.0,6.5,31.3
20 Mar,25.6,24.0,25.2,25.6,27.6,32.3,22.0,7.6,36.4
21 Mar,0.0,0.0,0.0,0.0,27.9,32.8,25.3,5.0,25.9
22 Mar,0.0,0.0,0.0,0.0,28.4,32.7,26.2,7.9,36.7
23 Mar,0.0,0.0,0.0,0.0,28.3,32.2,26.1,6.8,31.7
24 Mar,28.6,23.0,28.4,28.6,27.4,31.9,22.7,6.5,40.7
25 Mar,1.6,1.2,1.2,1.2,26.8,30.1,24.6,4.3,25.6
26 Mar,1.8,1.8,1.8,1.8,27.2,32.1,24.8,4.7,30.6
27 Mar,3.4,1.0,1.6,2.2,24.9,26.7,23.2,6.1,40.7
28 Mar,1.2,1.0,1.2,1.2,26.7,32.3,24.3,4.3,29.9
29 Mar,0.0,0.0,0.0,0.0,26.7,29.7,25.3,5.0,23.4
30 Mar,1.4,1.0,1.4,1.4,26.9,33.4,22.5,4.3,51.1
31 Mar,0.0,0.0,0.0,0.0,28.3,33.0,25.4,5.4,29.5
1 Feb,2.6,1.8,1.8,2.6,27.7,32.0,25.5,7.9,45.7
2 Feb,1.4,0.4,0.6,1.0,25.4,27.1,24.0,6.5,40.3
3 Feb,1.0,1.0,1.0,1.0,26.8,30.6,24.2,8.3,41.4
4 Feb,0.8,0.6,0.6,0.6,26.4,29.5,24.8,8.3,42.8
5 Feb,0.0,0.0,0.0,0.0,26.5,30.1,24.7,9.0,45.7
6 Feb,0.0,0.0,0.0,0.0,26.1,30.4,24.2,9.0,43.6
7 Feb,0.0,0.0,0.0,0.0,25.6,28.3,24.2,8.3,38.2
8 Feb,0.0,0.0,0.0,0.0,26.1,30.5,23.9,8.3,40.0
9 Feb,0.0,0.0,0.0,0.0,26.4,31.4,23.9,7.9,36.4
10 Feb,0.0,0.0,0.0,0.0,26.6,31.0,23.6,7.6,36.4
11 Feb,0.0,0.0,0.0,0.0,26.8,31.3,24.2,7.9,37.4
12 Feb,0.0,0.0,0.0,0.0,27.1,31.8,24.4,9.4,41.4
13 Feb,0.0,0.0,0.0,0.0,26.9,31.8,24.4,7.2,35.3
14 Feb,0.0,0.0,0.0,0.0,26.7,31.5,24.2,7.6,36.7
15 Feb,0.0,0.0,0.0,0.0,27.2,32.4,24.5,6.5,25.6
16 Feb,0.0,0.0,0.0,0.0,27.2,32.3,24.8,6.1,23.8
17 Feb,0.0,0.0,0.0,0.0,27.1,32.9,24.7,7.2,29.2
18 Feb,0.0,0.0,0.0,0.0,27.5,33.8,25.2,6.1,31.0
19 Feb,0.0,0.0,0.0,0.0,27.2,31.5,24.6,7.6,38.9
20 Feb,0.0,0.0,0.0,0.0,27.5,32.9,24.9,7.6,33.5
21 Feb,0.0,0.0,0.0,0.0,27.7,33.1,25.1,7.2,33.5
22 Feb,0.0,0.0,0.0,0.0,27.9,33.7,25.1,6.8,41.4
23 Feb,9.8,4.4,4.8,5.2,26.2,30.4,23.5,6.1,33.8
24 Feb,0.0,0.0,0.0,0.0,25.6,28.9,24.3,6.1,34.9
25 Feb,0.0,0.0,0.0,0.0,26.7,30.0,24.7,6.5,31.7
26 Feb,0.0,0.0,0.0,0.0,27.1,30.4,25.3,7.2,36.4
27 Feb,0.0,0.0,0.0,0.0,27.2,31.9,25.1,7.2,31.0
28 Feb,0.8,0.6,0.8,0.8,27.4,33.2,25.3,6.5,30.2
1 Jan,40.6,16.6,19.0,26.6,24.4,27.1,23.1,4.7,29.2
4 Jan,0.2,0.2,0.2,0.2,26.1,29.4,24.4,5.0,24.5
8 Jan,42.0,14.6,17.6,30.6,26.7,32.1,23.1,4.0,18.7
9 Jan,44.6,33.2,35.0,43.2,26.5,33.2,23.3,5.8,36.4
10 Jan,17.0,2.0,3.6,5.4,24.1,25.9,22.7,5.4,29.9
13 Jan,11.2,1.0,1.8,2.8,22.2,22.8,21.7,9.0,29.2
15 Jan,0.6,0.4,0.6,0.6,24.2,26.9,22.3,7.9,28.4
16 Jan,0.0,0.0,0.0,0.0,25.9,29.8,22.9,6.5,32.0
17 Jan,0.0,0.0,0.0,0.0,27.1,32.4,24.5,6.8,34.6
18 Jan,0.0,0.0,0.0,0.0,27.2,32.2,24.6,6.8,40.3
19 Jan,27.6,22.2,24.4,27.4,26.4,32.8,23.9,5.4,30.2
20 Jan,21.6,15.4,16.0,16.2,26.1,31.4,24.0,4.7,27.4
21 Jan,0.0,0.0,0.0,0.0,27.3,33.0,24.1,6.5,26.6
22 Jan,0.0,0.0,0.0,0.0,27.7,32.3,25.2,5.8,30.2
23 Jan,7.8,4.2,7.2,7.8,26.6,30.6,24.8,5.4,30.6
24 Jan,25.4,7.6,8.2,12.6,26.1,30.8,23.4,5.0,31.7
25 Jan,0.6,0.2,0.2,0.2,26.3,30.6,23.6,5.4,28.8
26 Jan,26.8,13.8,16.0,22.8,25.9,31.8,23.3,5.0,28.8
27 Jan,0.0,0.0,0.0,0.0,27.2,31.8,24.4,5.4,27.0
28 Jan,10.8,8.4,8.4,10.2,26.5,32.9,24.3,5.0,32.8
29 Jan,0.0,0.0,0.0,0.0,27.3,32.6,23.9,7.2,31.7
30 Jan,2.4,2.2,2.4,2.4,27.5,33.5,25.2,6.1,33.5
31 Jan,4.4,3.4,4.2,4.4,27.2,32.4,24.7,6.5,29.5
1 Dec,0.0,0.0,0.0,0.0,28.4,34.0,25.1,6.1,29.5
2 Dec,0.0,0.0,0.0,0.0,29.1,34.0,25.5,5.0,28.8
3 Dec,0.0,0.0,0.0,0.0,28.9,32.9,26.7,4.7,22.7
4 Dec,1.4,1.2,1.2,1.2,27.9,33.6,26.2,4.3,26.3
5 Dec,0.6,0.6,0.6,0.6,28.3,32.7,25.9,5.0,25.9
6 Dec,4.6,4.0,4.4,4.4,28.2,34.3,24.7,5.4,24.1
7 Dec,1.6,0.6,1.0,1.4,27.2,32.0,25.0,5.0,23.8
8 Dec,0.0,0.0,0.0,0.0,26.7,29.8,25.1,7.2,36.0
9 Dec,0.0,0.0,0.0,0.0,25.8,27.8,24.4,5.8,35.6
10 Dec,4.4,4.2,4.2,4.2,27.3,33.5,25.0,5.8,37.4
11 Dec,8.4,4.2,4.2,4.2,26.8,32.7,24.8,5.4,29.9
12 Dec,7.8,3.4,4.4,4.4,26.0,31.1,23.9,5.0,27.4
13 Dec,5.0,2.2,2.4,4.4,26.5,32.3,24.0,4.7,23.4
14 Dec,0.2,0.2,0.2,0.2,27.4,31.9,25.0,5.0,27.0
15 Dec,20.2,16.4,18.8,20.2,26.9,32.6,24.0,5.0,28.1
16 Dec,21.8,20.6,21.8,21.8,27.1,30.7,23.9,5.4,42.8
17 Dec,0.0,0.0,0.0,0.0,27.4,32.5,24.8,7.9,49.3
18 Dec,0.0,0.0,0.0,0.0,27.4,31.0,25.5,8.6,44.3
19 Dec,0.8,0.6,0.8,0.8,26.2,30.5,24.5,7.9,41.4
20 Dec,0.0,0.0,0.0,0.0,26.8,31.4,24.5,7.9,40.7
21 Dec,0.0,0.0,0.0,0.0,27.5,32.1,25.0,7.9,38.5
22 Dec,21.0,6.4,6.4,10.6,27.3,33.0,23.6,6.5,36.0
23 Dec,11.2,7.4,8.2,8.8,26.9,31.1,23.0,7.9,34.2
24 Dec,0.0,0.0,0.0,0.0,26.1,28.0,24.9,7.6,31.3
25 Dec,7.0,5.0,5.4,5.4,26.9,32.3,24.4,5.4,31.0
26 Dec,5.2,5.2,5.2,5.2,26.9,32.2,23.4,5.0,27.7
27 Dec,3.4,2.6,3.0,3.2,26.6,31.6,23.6,4.7,30.6
28 Dec,6.8,5.0,6.8,6.8,26.8,32.4,24.4,5.4,28.8
29 Dec,0.2,0.2,0.2,0.2,27.6,31.5,25.6,7.2,38.5
30 Dec,23.8,14.6,14.6,14.6,26.4,29.6,24.4,6.5,37.4
31 Dec,66.6,25.4,34.4,39.6,24.5,25.5,23.6,5.8,34.9
1 Nov,0.2,0.2,0.2,0.2,27.6,32.3,25.2,3.6,22.0
2 Nov,0.0,0.0,0.0,0.0,27.8,31.5,26.0,4.3,27.7
3 Nov,6.8,3.0,3.2,4.0,27.7,31.9,24.3,6.5,42.5
4 Nov,5.6,1.2,1.4,1.6,26.9,31.6,24.1,5.8,41.0
5 Nov,1.2,0.4,0.6,0.8,28.0,32.2,24.6,6.8,36.7
6 Nov,51.4,30.4,34.2,37.6,27.1,31.7,22.5,4.0,37.4
7 Nov,3.2,1.6,2.6,2.8,26.7,29.1,25.2,3.2,23.8
8 Nov,3.8,3.4,3.6,3.6,26.6,29.8,23.5,7.2,28.1
9 Nov,25.0,11.6,20.0,21.6,26.5,32.9,23.5,5.8,43.2
10 Nov,7.0,1.8,2.4,4.4,25.8,31.7,23.5,4.7,26.3
11 Nov,11.4,10.0,10.4,10.4,26.0,28.7,24.6,3.6,32.4
12 Nov,14.8,7.2,10.4,13.0,27.1,30.7,25.1,5.0,28.1
13 Nov,2.0,1.0,1.4,1.4,27.6,33.4,24.4,5.8,40.7
14 Nov,53.8,25.2,35.8,43.6,25.4,27.5,22.7,5.8,27.7
15 Nov,0.0,0.0,0.0,0.0,27.3,31.3,24.8,5.0,27.4
16 Nov,0.0,0.0,0.0,0.0,28.4,33.9,25.8,4.7,29.9
17 Nov,13.4,12.6,13.2,13.4,26.9,30.1,23.4,6.1,43.6
18 Nov,0.2,0.2,0.2,0.2,27.7,32.7,25.5,5.0,45.4
19 Nov,0.0,0.0,0.0,0.0,28.3,32.0,26.1,4.3,22.7
20 Nov,1.0,0.6,0.6,1.0,27.4,30.8,25.9,5.0,24.5
21 Nov,3.6,1.0,1.8,3.0,26.0,28.3,23.2,4.0,42.5
22 Nov,31.6,19.2,31.0,31.6,27.1,33.1,23.3,4.3,46.1
23 Nov,4.2,2.0,3.2,4.0,26.2,30.2,24.0,4.7,28.4
24 Nov,0.8,0.6,0.8,0.8,26.0,30.3,23.9,6.5,32.4
25 Nov,39.4,34.0,39.2,39.2,26.6,32.9,24.5,5.8,32.4
26 Nov,1.0,1.0,1.0,1.0,26.4,30.9,25.1,5.4,29.5
29 Nov,2.8,1.4,2.0,2.4,26.6,29.5,24.3,11.2,40.0
30 Nov,0.6,0.6,0.6,0.6,27.3,30.2,24.7,13.7,47.5
1 Oct,7.4,5.2,5.2,5.2,26.9,29.6,25.0,4.7,41.4
2 Oct,0.0,0.0,0.0,0.0,27.7,32.3,24.4,5.0,29.5
3 Oct,9.2,8.4,8.8,9.2,27.4,31.9,25.6,4.3,32.0
4 Oct,1.4,0.8,1.4,1.4,25.7,28.2,23.5,6.5,29.9
5 Oct,0.2,0.2,0.2,0.2,27.4,32.1,24.5,5.8,24.1
6 Oct,29.0,15.6,18.0,26.8,28.0,32.6,24.4,5.8,29.5
7 Oct,10.2,7.8,8.0,8.0,27.3,33.2,24.6,5.0,34.2
8 Oct,24.4,12.6,13.4,13.4,26.8,31.4,24.3,5.4,27.0
9 Oct,18.6,13.6,15.6,18.4,27.8,32.5,24.1,6.5,30.6
10 Oct,8.8,3.4,4.4,4.6,27.4,31.5,24.1,7.6,32.4
11 Oct,4.8,4.2,4.6,4.6,27.8,32.3,22.8,6.5,35.6
12 Oct,39.4,16.0,18.6,20.2,26.8,29.0,23.2,5.4,29.5
13 Oct,1.2,0.4,0.6,0.8,27.0,30.9,23.9,5.0,30.6
14 Oct,0.0,0.0,0.0,0.0,29.1,32.3,26.8,5.8,29.5
15 Oct,0.0,0.0,0.0,0.0,30.0,34.2,27.2,4.3,24.1
16 Oct,0.0,0.0,0.0,0.0,28.6,32.4,26.2,6.1,38.2
17 Oct,0.0,0.0,0.0,0.0,29.9,34.2,27.4,6.8,28.1
18 Oct,0.0,0.0,0.0,0.0,30.2,34.3,27.6,6.1,29.9
19 Oct,0.0,0.0,0.0,0.0,30.0,33.3,27.7,4.7,22.3
20 Oct,0.0,0.0,0.0,0.0,29.8,33.9,27.1,5.0,27.4
21 Oct,18.4,18.4,18.4,18.4,29.4,34.0,24.7,5.4,32.8
22 Oct,0.0,0.0,0.0,0.0,28.5,31.0,26.4,6.8,33.8
23 Oct,1.4,0.6,0.8,1.4,28.3,30.9,25.1,5.0,28.8
24 Oct,0.0,0.0,0.0,0.0,28.0,30.4,26.7,4.0,25.6
25 Oct,0.8,0.6,0.6,0.6,28.1,33.7,25.7,4.0,34.2
26 Oct,0.0,0.0,0.0,0.0,28.0,31.9,26.2,5.4,31.7
27 Oct,8.6,7.2,7.2,8.6,27.5,30.1,25.4,4.0,21.2
28 Oct,0.0,0.0,0.0,0.0,28.6,33.1,25.6,6.5,37.1
29 Oct,1.0,1.0,1.0,1.0,26.8,31.0,25.5,4.3,25.9
30 Oct,59.4,35.0,52.0,55.4,26.4,29.2,24.0,4.7,33.5
31 Oct,0.8,0.8,0.8,0.8,25.9,27.7,23.3,5.0,41.8
1 Sep,0.0,0.0,0.0,0.0,28.4,31.2,26.9,10.8,32.0
2 Sep,0.0,0.0,0.0,0.0,28.8,32.6,27.0,11.2,35.6
3 Sep,0.0,0.0,0.0,0.0,28.6,31.6,27.1,13.0,40.0
4 Sep,0.0,0.0,0.0,0.0,28.4,31.6,27.1,8.3,32.8
5 Sep,8.4,8.2,8.2,8.2,28.2,31.0,24.9,9.0,40.0
6 Sep,11.4,8.6,8.6,8.6,26.8,28.9,24.5,6.5,47.2
7 Sep,0.2,0.2,0.2,0.2,28.1,32.6,25.5,6.8,27.7
8 Sep,0.2,0.2,0.2,0.2,27.6,31.9,25.6,9.0,38.5
9 Sep,1.6,1.6,1.6,1.6,27.7,32.4,24.4,5.8,34.9
10 Sep,4.2,3.8,3.8,3.8,27.6,30.4,25.2,6.1,47.2
11 Sep,15.0,12.0,12.0,12.4,26.6,30.5,23.4,4.7,33.5
12 Sep,0.0,0.0,0.0,0.0,28.6,32.5,25.9,6.5,24.1
13 Sep,0.0,0.0,0.0,0.0,29.0,33.2,27.3,9.0,28.4
14 Sep,0.0,0.0,0.0,0.0,28.2,31.2,27.2,8.3,32.0
15 Sep,26.0,19.8,21.0,21.0,27.2,29.2,24.1,5.0,45.0
16 Sep,10.0,7.8,9.0,9.2,27.1,30.4,23.7,7.2,30.6
17 Sep,4.6,4.0,4.2,4.4,28.1,33.0,24.4,10.1,43.2
21 Sep,8.4,2.4,3.4,6.0,26.3,30.0,23.3,6.5,45.4
22 Sep,0.4,0.4,0.4,0.4,28.5,32.4,26.8,7.9,40.7
23 Sep,5.0,5.0,5.0,5.0,28.6,32.4,26.2,9.0,37.8
24 Sep,7.2,5.6,6.8,7.2,27.6,31.3,23.4,7.6,39.2
25 Sep,0.0,0.0,0.0,0.0,28.8,32.1,27.1,7.9,28.8
26 Sep,14.4,12.0,13.0,13.0,27.4,32.1,23.0,5.8,36.0
27 Sep,0.2,0.2,0.2,0.2,27.6,32.1,25.4,4.0,27.0
28 Sep,0.0,0.0,0.0,0.0,28.6,32.9,26.6,5.0,26.6
29 Sep,11.6,8.0,10.0,10.4,27.4,30.8,23.3,5.0,40.0
30 Sep,0.2,0.2,0.2,0.2,27.4,29.8,25.4,6.1,38.2
5 Aug,0.6,0.6,0.6,0.6,28.6,31.5,27.1,11.9,36.4
6 Aug,11.6,5.4,5.4,10.4,28.1,32.4,25.0,9.4,39.2
7 Aug,0.2,0.2,0.2,0.2,27.9,29.5,27.0,9.4,37.4
8 Aug,1.0,1.0,1.0,1.0,27.2,30.1,25.6,7.9,46.4
9 Aug,1.4,1.0,1.2,1.2,27.1,30.2,24.5,8.6,42.5
10 Aug,0.0,0.0,0.0,0.0,28.1,31.3,26.1,6.5,32.4
11 Aug,43.6,30.4,35.2,35.2,26.5,28.3,22.5,5.4,43.9
12 Aug,3.2,1.4,1.4,1.4,26.0,29.4,23.8,5.0,37.8
13 Aug,1.2,1.0,1.0,1.0,26.6,28.6,25.4,6.1,24.8
14 Aug,0.0,0.0,0.0,0.0,27.7,30.5,25.9,7.9,35.3
15 Aug,1.6,1.6,1.6,1.6,26.6,28.5,23.5,6.1,42.1
16 Aug,0.0,0.0,0.0,0.0,27.8,32.0,25.8,6.5,25.6
17 Aug,27.8,13.8,17.0,21.0,26.6,31.3,23.0,10.1,40.3
18 Aug,24.5,20.0,20.0,20.0,27.3,30.9,24.8,7.9,33.5
19 Aug,17.5,17.5,17.5,17.5,27.9,32.5,25.5,10.4,40.0
20 Aug,0.5,0.5,0.5,0.5,28.3,31.5,26.9,10.4,30.2
21 Aug,4.5,3.5,3.5,3.5,28.3,32.3,25.7,8.6,39.2
22 Aug,0.0,0.0,0.0,0.0,27.0,28.8,25.4,10.1,36.0
23 Aug,0.0,0.0,0.0,0.0,28.3,31.6,27.0,10.1,44.6
24 Aug,0.0,0.0,0.0,0.0,28.4,31.0,27.1,9.4,36.7
25 Aug,0.0,0.0,0.0,0.0,28.0,30.8,25.9,9.4,36.7
26 Aug,0.0,0.0,0.0,0.0,28.4,32.4,26.8,9.4,32.0
27 Aug,20.8,19.0,20.2,20.4,27.0,30.2,23.3,9.0,51.8
28 Aug,2.6,2.6,2.6,2.6,27.8,30.2,25.5,7.9,32.4
29 Aug,0.6,0.4,0.6,0.6,26.6,29.7,24.7,6.1,31.3
30 Aug,0.0,0.0,0.0,0.0,27.7,31.6,25.6,5.8,26.3
31 Aug,0.0,0.0,0.0,0.0,28.6,32.3,27.0,10.1,34.9
1 Jun,6.8,2.4,4.2,5.8,27.4,31.8,24.0,6.8,29.5
2 Jun,0.0,0.0,0.0,0.0,28.7,33.4,27.3,7.9,25.2
3 Jun,0.0,0.0,0.0,0.0,29.4,33.2,27.6,8.3,32.4
4 Jun,0.0,0.0,0.0,0.0,29.7,33.0,28.0,9.7,36.7
5 Jun,0.0,0.0,0.0,0.0,29.5,32.4,27.9,9.0,30.6
6 Jun,0.0,0.0,0.0,0.0,29.4,33.2,27.9,9.0,32.4
7 Jun,0.0,0.0,0.0,0.0,29.4,33.6,27.6,9.7,31.0
8 Jun,0.2,0.2,0.2,0.2,29.2,33.2,27.8,11.5,31.3
9 Jun,0.0,0.0,0.0,0.0,29.4,33.1,27.7,10.1,31.3
10 Jun,13.2,9.0,9.0,9.2,28.1,32.8,24.0,8.3,44.3
11 Jun,0.0,0.0,0.0,0.0,27.6,31.1,24.9,7.9,36.4
12 Jun,0.0,0.0,0.0,0.0,29.0,32.6,27.5,7.9,27.7
13 Jun,0.0,0.0,0.0,0.0,29.1,32.6,26.9,9.0,32.4
14 Jun,27.2,17.8,26.6,27.0,27.7,31.1,23.3,6.5,43.9
15 Jun,0.0,0.0,0.0,0.0,29.0,33.4,26.5,6.8,30.6
16 Jun,0.2,0.2,0.2,0.2,28.4,30.9,25.7,6.5,29.2
17 Jun,0.0,0.0,0.0,0.0,29.1,33.1,26.8,7.2,27.4
18 Jun,29.0,15.0,17.0,21.0,26.6,29.9,23.1,6.5,65.5
19 Jun,0.0,0.0,0.0,0.0,27.6,30.6,24.3,9.0,36.0
20 Jun,0.0,0.0,0.0,0.0,29.0,32.8,26.2,5.8,26.3
21 Jun,0.0,0.0,0.0,0.0,28.5,31.1,27.0,7.9,30.2
22 Jun,0.0,0.0,0.0,0.0,28.7,31.2,27.5,7.2,29.2
23 Jun,23.6,23.4,23.4,23.4,26.6,29.0,21.8,6.8,67.7
24 Jun,0.0,0.0,0.0,0.0,28.3,31.2,25.9,6.5,27.0
25 Jun,25.4,19.0,24.4,25.2,27.1,28.9,23.2,5.0,45.4
6 May,3.8,2.4,2.4,2.4,28.1,31.6,25.0,5.8,36.0
7 May,0.0,0.0,0.0,0.0,28.2,30.8,25.9,4.3,30.2
8 May,0.0,0.0,0.0,0.0,28.3,32.1,25.6,6.5,37.1
9 May,0.0,0.0,0.0,0.0,29.3,33.0,26.9,8.6,37.4
10 May,3.6,2.0,2.0,2.0,27.4,29.9,25.6,5.4,31.0
11 May,0.0,0.0,0.0,0.0,27.7,31.1,25.0,7.9,29.2
12 May,52.6,25.6,31.2,42.0,27.4,29.8,24.4,5.8,27.0
13 May,0.2,0.2,0.2,0.2,28.3,31.1,27.1,7.2,35.6
14 May,0.0,0.0,0.0,0.0,29.0,33.7,27.4,9.4,30.6
15 May,8.4,5.4,6.2,6.8,27.7,30.8,25.3,7.6,36.4
16 May,0.4,0.2,0.2,0.4,28.3,31.8,26.9,8.6,37.1
17 May,0.0,0.0,0.0,0.0,29.6,33.7,27.8,10.1,31.3
18 May,0.4,0.4,0.4,0.4,28.8,32.5,25.6,9.7,37.4
19 May,0.0,0.0,0.0,0.0,28.8,31.5,27.5,8.3,41.4
20 May,0.0,0.0,0.0,0.0,29.4,32.6,28.1,7.9,32.8
21 May,5.0,1.6,2.6,4.4,28.2,31.8,25.1,9.0,47.2
22 May,24.8,22.6,24.2,24.2,27.8,30.9,22.9,8.6,37.4
23 May,0.0,0.0,0.0,0.0,29.1,32.6,26.7,9.0,34.2
24 May,31.8,14.0,21.8,25.2,26.0,28.8,22.8,7.6,41.4
25 May,0.2,0.2,0.2,0.2,27.8,31.4,25.3,7.2,32.4
26 May,26.6,7.4,10.8,12.8,26.8,31.4,23.6,7.9,54.7
27 May,0.2,0.2,0.2,0.2,28.2,31.9,25.7,6.8,30.2
28 May,0.0,0.0,0.0,0.0,28.7,31.0,27.6,9.0,27.4
29 May,0.2,0.2,0.2,0.2,29.0,32.4,27.8,9.4,30.6
30 May,34.2,16.0,24.0,25.0,26.4,28.7,23.1,5.4,43.2
31 May,25.8,10.8,13.2,14.0,28.1,33.2,24.0,5.8,37.1
1 Apr,11.0,9.2,9.6,10.0,26.4,31.0,24.4,4.0,47.2
2 Apr,0.0,0.0,0.0,0.0,27.3,31.7,25.1,6.5,30.6
3 Apr,10.4,8.8,9.6,9.8,26.9,28.9,23.7,6.1,31.0
4 Apr,3.0,1.0,1.6,2.8,27.9,31.7,24.2,6.5,36.0
5 Apr,4.2,4.2,4.2,4.2,28.1,31.1,25.0,7.9,34.2
6 Apr,0.0,0.0,0.0,0.0,28.6,32.1,26.9,6.5,28.8
7 Apr,22.6,16.0,18.8,20.0,27.6,32.7,22.8,5.4,42.1
8 Apr,2.4,0.8,0.8,1.2,26.8,28.4,24.0,4.3,36.7
9 Apr,7.2,5.4,7.2,7.2,27.5,32.5,25.1,4.0,34.9
10 Apr,0.0,0.0,0.0,0.0,27.3,30.3,25.5,5.4,32.0
25 Apr,5.6,3.2,5.6,5.6,26.2,30.6,24.1,3.6,23.8
1 Mar,28.0,5.2,7.6,12.4,24.7,27.3,23.2,5.8,39.2
2 Mar,0.4,0.2,0.2,0.2,26.5,30.1,24.3,7.9,36.4
3 Mar,12.2,9.2,9.2,9.2,25.9,28.2,23.6,6.5,39.6
4 Mar,2.6,0.8,1.2,1.2,25.3,27.9,23.6,4.7,26.6
5 Mar,3.6,2.2,2.2,2.4,26.4,30.8,24.5,5.8,33.1
6 Mar,20.2,17.6,19.4,20.2,26.4,32.5,23.9,5.8,36.4
7 Mar,0.0,0.0,0.0,0.0,26.6,31.0,24.7,5.8,24.5
8 Mar,0.0,0.0,0.0,0.0,27.0,31.2,24.8,7.6,32.0
9 Mar,0.0,0.0,0.0,0.0,27.0,31.3,24.7,7.2,33.1
10 Mar,0.0,0.0,0.0,0.0,27.0,31.2,24.9,7.2,37.1
11 Mar,8.6,6.0,6.0,6.0,26.9,31.9,24.5,5.8,30.6
12 Mar,3.8,2.8,3.4,3.8,26.3,31.3,23.3,4.7,25.9
13 Mar,11.4,10.0,11.2,11.4,27.4,31.4,25.4,5.4,26.3
14 Mar,0.2,0.2,0.2,0.2,26.5,29.7,24.6,7.9,36.0
15 Mar,0.0,0.0,0.0,0.0,28.5,33.5,25.4,5.8,25.6
16 Mar,0.0,0.0,0.0,0.0,27.9,31.4,26.2,9.4,37.1
17 Mar,21.8,17.0,21.6,21.8,26.9,31.2,24.1,4.0,19.8
18 Mar,0.0,0.0,0.0,0.0,27.9,30.9,25.8,6.8,36.4
19 Mar,0.0,0.0,0.0,0.0,27.9,31.0,25.6,5.0,28.4
20 Mar,3.4,1.2,1.8,3.2,26.3,28.6,24.1,6.1,39.2
21 Mar,7.8,7.8,7.8,7.8,27.8,33.4,24.9,6.5,36.0
22 Mar,27.4,26.0,27.4,27.4,27.2,32.3,23.4,5.8,41.0
23 Mar,0.2,0.2,0.2,0.2,28.5,33.0,26.0,6.8,28.4
24 Mar,0.0,0.0,0.0,0.0,28.0,30.9,26.1,6.5,30.6
25 Mar,41.6,32.4,39.8,41.4,27.4,32.7,24.7,5.0,36.0
26 Mar,0.2,0.2,0.2,0.2,28.6,33.0,25.9,6.5,30.6
27 Mar,1.2,1.2,1.2,1.2,28.6,32.2,26.4,6.1,29.9
28 Mar,5.0,4.4,4.6,4.6,26.8,28.3,25.3,4.0,28.8
29 Mar,8.4,7.2,7.4,7.4,26.5,32.1,25.2,3.6,31.7
30 Mar,9.6,3.2,3.6,4.6,25.4,30.0,23.8,4.0,33.1
31 Mar,0.4,0.4,0.4,0.4,26.9,31.1,24.9,3.2,31.7
1 Feb,0.0,0.0,0.0,0.0,26.9,30.7,24.6,5.0,32.4
2 Feb,2.8,2.8,2.8,2.8,26.8,31.8,25.1,5.4,26.3
3 Feb,15.6,15.4,15.4,15.4,27.1,33.1,24.0,6.5,33.1
4 Feb,0.4,0.4,0.4,0.4,26.8,32.1,25.0,5.0,29.2
5 Feb,0.0,0.0,0.0,0.0,27.2,31.9,24.9,5.8,27.0
6 Feb,0.0,0.0,0.0,0.0,27.6,32.7,25.1,6.1,29.2
7 Feb,1.2,1.2,1.2,1.2,26.3,30.3,23.5,5.0,26.6
8 Feb,62.6,28.0,37.0,47.8,26.1,31.1,22.6,5.4,31.7
9 Feb,0.0,0.0,0.0,0.0,27.4,32.2,25.1,5.0,27.4
10 Feb,0.0,0.0,0.0,0.0,27.4,31.4,24.9,7.9,40.0
11 Feb,0.0,0.0,0.0,0.0,26.9,30.3,25.2,9.4,50.4
12 Feb,0.0,0.0,0.0,0.0,26.0,29.5,24.7,9.0,48.6
13 Feb,1.4,0.6,0.6,0.6,26.1,28.8,24.1,8.6,42.8
14 Feb,0.0,0.0,0.0,0.0,26.1,29.7,24.3,9.7,49.0
15 Feb,7.8,3.0,4.2,4.4,25.1,28.3,22.5,7.9,41.4
16 Feb,0.0,0.0,0.0,0.0,26.2,29.4,24.3,8.3,39.6
17 Feb,0.0,0.0,0.0,0.0,26.7,30.6,24.4,7.9,40.7
18 Feb,0.0,0.0,0.0,0.0,26.6,29.3,24.8,7.6,36.4
19 Feb,0.0,0.0,0.0,0.0,27.3,30.7,25.1,7.9,34.2
20 Feb,0.0,0.0,0.0,0.0,27.4,31.0,25.2,7.2,33.8
21 Feb,3.0,2.8,2.8,2.8,27.0,31.9,25.1,5.8,29.5
22 Feb,0.0,0.0,0.0,0.0,27.3,31.7,24.9,5.4,32.8
23 Feb,3.2,3.2,3.2,3.2,26.8,31.3,24.8,5.0,36.7
24 Feb,15.4,3.0,5.2,5.8,24.6,26.3,23.3,5.0,28.1
25 Feb,1.4,1.2,1.2,1.4,26.4,31.3,23.5,4.7,28.8
26 Feb,0.0,0.0,0.0,0.0,27.1,30.7,25.1,5.8,32.4
27 Feb,0.0,0.0,0.0,0.0,27.1,30.0,24.8,7.6,41.8
28 Feb,8.6,8.2,8.6,8.6,26.8,29.7,25.3,7.2,45.7
1 Jan,33.2,19.8,25.4,30.2,26.5,30.3,24.6,5.8,37.4
2 Jan,17.8,17.0,17.0,17.0,25.9,29.7,24.5,4.0,24.5
3 Jan,6.8,4.8,6.2,6.2,26.1,29.7,24.7,4.7,26.6
4 Jan,1.6,1.6,1.6,1.6,26.4,29.7,23.3,5.8,31.0
5 Jan,1.4,1.0,1.2,1.2,27.4,31.1,23.8,7.6,33.5
6 Jan,0.0,0.0,0.0,0.0,28.4,32.5,25.8,5.0,27.4
7 Jan,0.0,0.0,0.0,0.0,29.5,33.2,26.7,6.1,26.3
8 Jan,0.0,0.0,0.0,0.0,29.2,33.6,26.8,6.8,30.6
9 Jan,0.0,0.0,0.0,0.0,28.5,33.0,26.5,6.8,25.9
10 Jan,0.0,0.0,0.0,0.0,28.0,32.4,26.3,6.5,38.2
11 Jan,0.0,0.0,0.0,0.0,27.6,32.0,24.8,6.1,32.0
12 Jan,0.0,0.0,0.0,0.0,28.0,31.3,25.4,5.4,30.2
13 Jan,0.0,0.0,0.0,0.0,28.0,32.6,26.1,4.7,30.2
14 Jan,0.0,0.0,0.0,0.0,27.9,31.2,25.5,4.0,21.6
15 Jan,0.0,0.0,0.0,0.0,28.2,32.5,25.8,5.4,32.4
16 Jan,0.0,0.0,0.0,0.0,27.7,31.3,25.1,6.5,31.3
17 Jan,0.0,0.0,0.0,0.0,27.8,31.4,25.9,4.7,28.8
18 Jan,9.4,6.8,8.2,8.8,26.4,32.1,23.9,4.7,34.9
19 Jan,36.6,23.2,32.2,35.4,26.3,31.5,23.8,4.7,37.4
20 Jan,1.8,1.6,1.6,1.8,25.8,28.9,23.4,5.4,27.4
21 Jan,21.8,8.0,13.4,16.2,26.4,30.9,23.3,5.4,37.8
22 Jan,15.0,8.6,11.6,12.2,26.0,29.2,23.8,7.2,42.5
23 Jan,86.2,23.4,27.0,48.4,24.6,27.0,22.5,5.8,49.0
24 Jan,12.2,1.6,2.6,4.0,23.3,23.8,22.9,9.4,35.6
25 Jan,1.6,1.2,1.4,1.6,25.2,28.6,22.4,6.5,40.7
26 Jan,0.2,0.2,0.2,0.2,26.7,30.7,23.7,6.1,33.5
27 Jan,0.8,0.8,0.8,0.8,26.8,30.4,25.0,8.3,39.2
28 Jan,0.0,0.0,0.0,0.0,25.9,29.0,24.3,7.2,41.0
29 Jan,0.0,0.0,0.0,0.0,25.9,28.0,24.2,6.5,29.9
30 Jan,3.6,2.2,2.8,2.8,25.5,28.4,24.0,5.8,29.9
31 Jan,0.0,0.0,0.0,0.0,26.6,29.9,24.8,6.5,31.0
1 Dec,5.8,1.0,1.4,1.8,25.1,27.0,24.0,7.6,22.7
2 Dec,3.8,2.0,2.8,3.6,26.5,30.5,23.7,6.5,32.4
3 Dec,6.2,5.8,6.0,6.0,27.0,29.9,23.6,4.0,21.6
4 Dec,1.0,1.0,1.0,1.0,28.5,32.9,25.8,6.8,24.8
5 Dec,6.4,2.6,4.4,6.4,28.6,33.7,26.3,6.8,29.5
6 Dec,0.4,0.4,0.4,0.4,28.6,34.0,25.8,4.7,32.0
7 Dec,0.0,0.0,0.0,0.0,28.3,32.7,26.5,5.4,30.2
8 Dec,0.0,0.0,0.0,0.0,28.5,31.9,25.7,6.5,32.8
9 Dec,17.6,8.2,8.2,8.4,26.4,30.6,23.8,5.0,42.1
10 Dec,0.0,0.0,0.0,0.0,27.1,29.6,24.7,5.4,23.8
11 Dec,2.2,2.0,2.0,2.0,25.6,28.6,23.7,9.7,30.6
12 Dec,0.0,0.0,0.0,0.0,27.2,30.2,24.9,11.9,45.7
13 Dec,0.2,0.2,0.2,0.2,27.6,31.4,24.6,6.5,42.1
14 Dec,0.0,0.0,0.0,0.0,28.2,32.2,25.5,6.5,32.4
15 Dec,0.0,0.0,0.0,0.0,28.4,31.4,26.0,7.6,31.3
16 Dec,0.0,0.0,0.0,0.0,28.9,33.8,26.9,4.7,25.9
17 Dec,8.4,5.0,8.0,8.4,27.0,31.3,25.4,5.4,31.7
18 Dec,16.8,7.2,7.8,8.4,26.2,31.5,22.6,5.8,36.7
19 Dec,1.4,0.8,0.8,0.8,27.2,31.4,24.4,10.1,37.4
20 Dec,0.0,0.0,0.0,0.0,27.2,30.8,24.5,13.0,45.7
21 Dec,0.0,0.0,0.0,0.0,28.2,32.0,25.7,10.4,45.0
22 Dec,14.8,8.0,11.8,12.6,26.5,31.5,24.1,4.7,39.2
23 Dec,10.8,8.2,9.8,10.2,26.7,30.7,23.5,4.3,28.1
24 Dec,62.4,44.8,56.6,60.0,26.2,31.9,23.3,5.8,39.6
25 Dec,6.4,3.0,4.2,6.0,26.2,32.2,23.8,6.1,30.2
26 Dec,0.0,0.0,0.0,0.0,26.2,30.1,23.9,6.5,29.5
27 Dec,1.4,1.2,1.4,1.4,25.9,30.0,24.2,6.1,29.9
28 Dec,2.6,0.4,0.8,1.2,25.2,27.6,23.1,6.5,33.8
29 Dec,0.0,0.0,0.0,0.0,27.2,30.6,25.0,5.8,34.6
30 Dec,8.8,8.8,8.8,8.8,26.6,31.5,24.5,6.5,44.6
31 Dec,0.0,0.0,0.0,0.0,26.2,29.4,24.0,5.4,26.6
1 Aug,0.0,0.0,0.0,0.0,27.4,29.9,25.7,6.5,32.4
2 Aug,0.0,0.0,0.0,0.0,28.6,31.8,26.7,8.6,43.2
3 Aug,11.8,9.2,10.8,11.4,27.0,29.8,21.6,9.0,51.5
4 Aug,0.0,0.0,0.0,0.0,27.7,29.6,26.5,10.4,36.7
5 Aug,0.0,0.0,0.0,0.0,28.9,32.0,27.5,8.6,32.8
6 Aug,6.8,6.0,6.6,6.8,28.1,31.7,24.5,7.2,28.1
7 Aug,0.0,0.0,0.0,0.0,28.8,31.5,27.0,9.4,37.1
8 Aug,0.0,0.0,0.0,0.0,29.1,32.1,27.3,7.9,27.7
9 Aug,0.0,0.0,0.0,0.0,29.0,32.0,26.8,7.2,32.0
10 Aug,0.0,0.0,0.0,0.0,29.2,32.2,27.5,8.6,31.7
11 Aug,0.0,0.0,0.0,0.0,28.7,30.6,27.4,8.6,50.8
1 Jul,0.0,0.0,0.0,0.0,29.5,32.1,28.1,10.8,28.1
2 Jul,0.0,0.0,0.0,0.0,29.4,32.8,27.8,10.1,28.4
3 Jul,0.0,0.0,0.0,0.0,29.6,32.9,28.0,10.4,28.1
4 Jul,0.0,0.0,0.0,0.0,29.6,33.2,27.8,10.4,28.4
5 Jul,0.0,0.0,0.0,0.0,29.5,33.0,27.9,10.1,31.3
6 Jul,1.2,1.2,1.2,1.2,28.5,32.0,25.0,7.9,34.6
7 Jul,2.2,2.2,2.2,2.2,29.0,31.8,27.1,7.9,36.7
8 Jul,11.4,7.0,9.0,11.4,28.1,30.7,23.2,7.9,37.8
9 Jul,0.0,0.0,0.0,0.0,29.2,32.7,27.5,10.1,33.5
10 Jul,0.0,0.0,0.0,0.0,29.3,32.4,28.0,8.3,32.0
11 Jul,21.8,12.6,21.0,21.2,27.5,29.6,23.6,7.2,41.8
12 Jul,0.0,0.0,0.0,0.0,29.4,33.0,27.4,8.3,30.6
13 Jul,1.6,1.2,1.2,1.2,27.4,29.7,24.4,6.5,47.9
14 Jul,1.2,1.0,1.0,1.0,26.8,28.8,24.0,6.1,40.7
15 Jul,2.2,2.0,2.2,2.2,26.7,30.2,24.3,5.0,29.5
16 Jul,0.0,0.0,0.0,0.0,28.2,31.8,25.9,4.7,25.6
17 Jul,13.8,8.6,13.8,13.8,27.0,31.8,24.3,4.3,29.9
18 Jul,0.8,0.2,0.4,0.6,27.1,31.0,25.4,5.0,28.4
19 Jul,3.2,1.2,2.2,3.2,27.1,30.9,23.3,7.6,34.2
20 Jul,40.0,15.6,21.2,27.6,26.6,29.8,22.9,5.0,38.9
21 Jul,28.0,14.6,17.4,20.2,26.7,30.4,22.7,5.0,33.5
22 Jul,8.0,4.2,5.4,5.4,25.6,27.5,23.7,4.7,30.2
23 Jul,9.2,8.4,8.4,8.4,26.6,30.8,23.8,6.8,33.1
24 Jul,10.8,8.6,9.4,9.6,26.6,29.6,23.8,5.4,40.3
25 Jul,0.2,0.2,0.2,0.2,26.9,28.4,25.4,5.8,25.6
26 Jul,2.2,0.8,0.8,1.2,26.0,28.9,22.2,4.7,41.0
27 Jul,0.0,0.0,0.0,0.0,28.1,32.4,25.1,6.1,27.0
28 Jul,7.4,7.2,7.4,7.4,27.7,30.3,23.4,6.5,54.4
29 Jul,0.0,0.0,0.0,0.0,28.3,31.3,25.9,7.2,32.0
30 Jul,0.0,0.0,0.0,0.0,28.5,30.7,27.2,6.5,27.4
31 Jul,0.2,0.2,0.2,0.2,27.8,31.6,25.7,5.8,42.5
1 Jun,43.4,26.6,40.4,41.8,27.4,30.8,23.5,5.4,36.4
2 Jun,2.6,2.0,2.4,2.6,27.9,32.4,25.6,4.7,37.1
3 Jun,0.0,0.0,0.0,0.0,28.3,31.1,26.0,5.8,28.8
4 Jun,1.8,0.6,0.8,0.8,26.6,27.7,25.5,4.3,31.7
5 Jun,0.0,0.0,0.0,0.0,28.1,32.0,25.8,5.8,25.2
6 Jun,5.6,5.6,5.6,5.6,29.3,32.9,26.7,7.6,29.9
7 Jun,0.8,0.6,0.8,0.8,29.4,33.2,27.1,6.8,32.0
8 Jun,12.4,8.0,9.0,11.6,27.4,29.9,23.4,4.7,38.9
9 Jun,2.6,1.0,1.0,1.0,28.4,32.9,25.9,4.7,40.0
10 Jun,4.8,3.8,3.8,3.8,28.1,31.7,25.9,5.8,32.8
11 Jun,2.0,1.0,1.4,1.8,27.8,30.2,26.2,9.4,34.9
12 Jun,2.0,2.0,2.0,2.0,28.3,31.8,26.0,7.9,33.5
13 Jun,0.2,0.2,0.2,0.2,28.5,31.3,26.2,6.1,30.6
14 Jun,0.0,0.0,0.0,0.0,28.4,31.6,26.7,6.8,44.3
15 Jun,1.2,0.6,1.0,1.0,28.0,30.5,24.6,6.1,32.0
16 Jun,4.4,4.4,4.4,4.4,28.0,29.8,25.1,6.8,39.6
17 Jun,25.2,12.4,15.6,22.0,26.2,30.2,22.5,6.8,37.4
18 Jun,0.4,0.2,0.2,0.4,26.9,29.6,25.4,4.7,26.3
19 Jun,0.0,0.0,0.0,0.0,27.2,29.6,24.9,4.0,14.0
20 Jun,0.0,0.0,0.0,0.0,28.1,31.3,26.0,5.0,28.1
21 Jun,0.0,0.0,0.0,0.0,29.0,31.8,27.5,4.3,29.5
22 Jun,7.6,6.0,6.4,6.4,27.0,30.7,23.6,6.8,48.2
23 Jun,0.0,0.0,0.0,0.0,28.8,31.2,26.8,8.6,31.7
24 Jun,35.2,12.6,18.0,26.4,26.3,28.8,22.3,7.2,40.3
25 Jun,0.0,0.0,0.0,0.0,28.6,32.4,26.9,9.4,33.5
26 Jun,0.0,0.0,0.0,0.0,28.6,31.3,27.4,8.3,38.2
27 Jun,0.0,0.0,0.0,0.0,28.5,30.4,27.5,9.0,30.6
28 Jun,0.0,0.0,0.0,0.0,29.1,33.5,27.0,7.6,26.6
29 Jun,0.0,0.0,0.0,0.0,30.2,33.5,27.9,6.8,30.2
30 Jun,0.0,0.0,0.0,0.0,29.7,33.8,28.0,9.0,28.8
1 May,0.0,0.0,0.0,0.0,29.3,32.8,26.3,6.5,28.4
2 May,0.0,0.0,0.0,0.0,29.1,33.3,27.3,7.2,25.9
3 May,0.0,0.0,0.0,0.0,29.8,34.5,27.3,7.9,34.2
4 May,0.0,0.0,0.0,0.0,30.1,32.5,28.2,8.6,31.3
5 May,1.4,1.2,1.4,1.4,29.0,33.4,26.1,4.7,40.0
6 May,0.0,0.0,0.0,0.0,29.3,33.0,27.1,5.4,25.2
7 May,0.0,0.0,0.0,0.0,29.1,33.7,27.1,5.8,33.5
8 May,0.0,0.0,0.0,0.0,28.9,32.4,26.3,5.0,28.1
9 May,1.0,1.0,1.0,1.0,29.1,33.3,27.1,6.1,27.7
10 May,0.0,0.0,0.0,0.0,29.7,32.1,28.0,7.9,33.8
11 May,32.2,23.4,29.6,30.6,28.7,33.5,24.5,4.3,41.4
12 May,0.0,0.0,0.0,0.0,29.0,32.5,27.6,6.8,33.8
13 May,9.4,9.2,9.4,9.4,28.3,32.1,24.9,4.7,40.3
14 May,39.0,22.0,28.4,35.0,27.0,31.0,24.2,4.3,27.0
15 May,4.8,2.8,2.8,4.8,27.9,32.3,25.9,5.8,32.0
16 May,2.6,1.0,1.6,2.4,28.1,32.3,25.5,5.8,46.1
17 May,3.8,3.2,3.8,3.8,28.8,32.1,26.9,5.0,31.0
18 May,2.2,1.8,1.8,1.8,28.0,32.6,25.7,6.5,28.1
19 May,0.2,0.2,0.2,0.2,28.2,32.4,25.7,6.5,30.6
20 May,0.0,0.0,0.0,0.0,29.8,33.2,27.7,5.0,22.7
21 May,4.6,2.0,2.0,2.4,28.1,30.2,24.7,8.3,48.2
22 May,40.2,22.6,32.4,37.8,27.8,32.4,24.0,6.5,54.4
23 May,0.0,0.0,0.0,0.0,29.5,33.9,25.7,6.8,32.0
24 May,0.0,0.0,0.0,0.0,29.3,31.7,27.2,8.3,36.0
25 May,8.0,7.6,8.0,8.0,29.5,32.7,25.0,8.3,28.1
26 May,0.2,0.2,0.2,0.2,28.1,31.3,25.2,8.6,41.4
27 May,0.0,0.0,0.0,0.0,29.4,32.1,28.2,10.1,34.9
28 May,2.8,2.6,2.6,2.8,28.6,31.6,25.6,7.2,35.6
29 May,0.2,0.2,0.2,0.2,29.4,33.2,27.4,4.7,28.4
30 May,3.8,3.0,3.0,3.0,27.8,32.5,25.0,6.5,48.6
31 May,0.0,0.0,0.0,0.0,29.1,33.3,25.4,5.0,25.6
1 Apr,0.0,0.0,0.0,0.0,29.2,33.8,26.6,6.8,33.5
2 Apr,0.0,0.0,0.0,0.0,29.1,32.9,26.7,7.9,37.4
3 Apr,0.6,0.4,0.4,0.6,28.3,33.0,26.0,6.5,31.0
4 Apr,1.4,1.2,1.2,1.2,28.6,32.0,26.5,6.8,28.8
5 Apr,2.8,2.6,2.6,2.6,28.3,31.1,26.2,7.2,37.8
6 Apr,0.0,0.0,0.0,0.0,28.7,31.7,26.4,7.2,34.2
7 Apr,0.0,0.0,0.0,0.0,28.8,34.3,25.9,6.8,28.4
8 Apr,0.0,0.0,0.0,0.0,29.2,33.9,26.9,6.8,27.7
9 Apr,14.6,8.4,11.0,14.4,27.7,32.6,24.6,4.7,39.2
10 Apr,0.0,0.0,0.0,0.0,28.9,33.2,26.0,6.8,33.1
11 Apr,3.4,3.4,3.4,3.4,29.2,31.6,27.7,4.0,29.2
12 Apr,1.4,0.8,1.2,1.4,29.4,33.0,26.7,5.8,36.4
13 Apr,25.4,24.4,25.4,25.4,29.6,33.4,25.1,6.1,29.9
14 Apr,0.2,0.2,0.2,0.2,29.7,33.7,27.9,6.1,30.2
15 Apr,1.6,0.8,1.2,1.4,28.6,30.9,25.8,6.5,45.4
16 Apr,0.0,0.0,0.0,0.0,29.3,33.9,27.0,6.5,24.8
17 Apr,2.4,2.4,2.4,2.4,29.1,33.4,24.9,9.0,40.3
18 Apr,0.0,0.0,0.0,0.0,29.7,33.4,26.7,6.8,31.7
19 Apr,0.0,0.0,0.0,0.0,30.2,34.4,27.8,7.6,34.2
20 Apr,19.6,18.8,19.0,19.0,28.7,33.4,25.0,5.4,47.9
21 Apr,0.0,0.0,0.0,0.0,29.7,34.0,27.1,6.5,33.8
22 Apr,40.0,27.8,38.6,40.0,28.5,32.1,24.5,8.3,36.7
23 Apr,8.4,8.2,8.4,8.4,28.6,30.7,26.4,6.8,29.9
24 Apr,0.0,0.0,0.0,0.0,28.9,31.8,27.2,6.1,28.8
25 Apr,25.2,21.0,21.0,21.0,28.5,33.1,25.6,5.0,28.4
26 Apr,0.6,0.6,0.6,0.6,28.7,31.7,26.6,6.5,29.9
27 Apr,6.6,6.4,6.4,6.6,28.9,31.6,26.4,5.8,29.9
28 Apr,1.4,1.4,1.4,1.4,29.1,32.5,27.5,6.5,34.6
29 Apr,4.6,4.6,4.6,4.6,28.3,32.5,24.5,5.0,32.4
30 Apr,0.8,0.8,0.8,0.8,27.7,32.1,25.4,4.7,25.2
1 Mar,0.0,0.0,0.0,0.0,28.0,31.9,25.7,8.6,42.5
2 Mar,0.0,0.0,0.0,0.0,27.9,31.3,25.8,9.4,45.7
3 Mar,0.0,0.0,0.0,0.0,27.9,31.3,26.1,9.4,46.4
4 Mar,0.0,0.0,0.0,0.0,27.7,31.0,26.1,7.6,38.2
5 Mar,0.2,0.2,0.2,0.2,28.0,31.4,26.0,7.2,37.1
6 Mar,0.0,0.0,0.0,0.0,28.6,32.8,26.6,7.2,31.7
7 Mar,0.6,0.4,0.6,0.6,28.0,31.5,26.3,7.2,34.9
8 Mar,51.6,18.4,30.6,47.8,27.1,30.1,24.2,6.1,29.2
9 Mar,0.0,0.0,0.0,0.0,28.5,32.4,26.2,7.6,28.8
10 Mar,22.4,12.4,12.4,18.0,28.0,32.5,25.2,6.1,26.6
11 Mar,0.0,0.0,0.0,0.0,28.6,32.8,26.4,6.8,37.4
12 Mar,0.0,0.0,0.0,0.0,28.6,32.4,25.9,6.8,32.4
13 Mar,37.4,10.8,18.6,33.0,27.6,31.9,24.1,6.5,37.8
14 Mar,0.2,0.2,0.2,0.2,28.3,32.2,26.5,6.1,27.4
15 Mar,0.0,0.0,0.0,0.0,28.7,34.2,26.5,6.1,36.0
16 Mar,0.0,0.0,0.0,0.0,28.1,32.9,25.7,6.5,28.1
17 Mar,0.0,0.0,0.0,0.0,28.6,33.8,25.9,6.8,35.6
18 Mar,0.0,0.0,0.0,0.0,28.3,33.8,26.1,7.9,34.9
19 Mar,0.0,0.0,0.0,0.0,28.4,32.5,26.2,7.9,31.3
20 Mar,0.6,0.6,0.6,0.6,28.5,32.1,26.6,5.4,24.8
21 Mar,4.4,4.4,4.4,4.4,28.4,32.8,26.6,5.8,25.9
22 Mar,0.2,0.2,0.2,0.2,28.4,31.2,26.9,5.4,36.4
23 Mar,0.0,0.0,0.0,0.0,28.7,32.7,26.3,6.1,27.7
24 Mar,0.0,0.0,0.0,0.0,28.6,32.2,26.7,8.3,33.8
25 Mar,1.4,1.4,1.4,1.4,28.5,33.0,26.2,5.4,27.4
26 Mar,0.0,0.0,0.0,0.0,28.7,31.7,26.6,7.2,34.6
27 Mar,0.0,0.0,0.0,0.0,29.0,32.3,27.2,7.9,41.4
28 Mar,0.0,0.0,0.0,0.0,28.9,32.2,26.8,8.6,38.9
29 Mar,0.0,0.0,0.0,0.0,28.8,32.6,26.9,7.6,36.7
30 Mar,0.0,0.0,0.0,0.0,28.7,32.3,26.4,7.6,36.7
31 Mar,0.0,0.0,0.0,0.0,28.9,32.5,26.5,7.2,35.6
1 Feb,0.0,0.0,0.0,0.0,28.5,32.6,25.9,8.3,45.0
2 Feb,2.4,1.8,2.0,2.2,27.3,31.0,24.3,6.5,38.9
3 Feb,0.0,0.0,0.0,0.0,28.1,32.1,25.2,6.1,30.2
4 Feb,12.0,11.4,11.4,11.4,27.3,30.5,25.2,5.4,29.9
5 Feb,29.2,11.6,18.6,29.2,27.2,31.1,25.4,5.0,35.3
6 Feb,16.0,8.0,10.0,10.0,27.8,31.8,25.8,7.6,42.8
7 Feb,31.8,19.4,21.0,21.8,26.2,27.7,23.5,9.7,47.2
8 Feb,0.2,0.2,0.2,0.2,26.8,28.4,25.6,8.6,41.4
9 Feb,0.0,0.0,0.0,0.0,26.2,28.6,24.9,6.5,26.3
10 Feb,0.6,0.2,0.4,0.4,26.1,28.3,24.8,6.8,33.8
11 Feb,0.0,0.0,0.0,0.0,27.0,30.3,24.9,6.1,35.3
12 Feb,12.4,11.4,11.8,12.0,27.3,31.9,22.4,6.1,41.0
13 Feb,0.0,0.0,0.0,0.0,27.9,31.0,25.9,7.9,38.2
14 Feb,7.6,6.4,6.4,6.4,27.5,30.4,25.6,6.1,30.2
15 Feb,0.0,0.0,0.0,0.0,28.3,32.1,26.2,6.5,33.5
16 Feb,0.0,0.0,0.0,0.0,28.1,31.2,26.2,9.7,44.6
17 Feb,0.0,0.0,0.0,0.0,27.8,31.0,25.9,8.6,39.2
18 Feb,0.2,0.2,0.2,0.2,27.5,30.7,25.0,6.1,38.5
19 Feb,92.0,17.4,28.6,39.4,24.4,26.9,23.2,5.0,33.5
20 Feb,0.8,0.4,0.4,0.6,25.8,28.2,24.0,6.1,36.7
21 Feb,0.0,0.0,0.0,0.0,26.9,30.6,24.4,7.2,37.8
22 Feb,0.0,0.0,0.0,0.0,27.7,31.8,25.0,7.2,33.1
23 Feb,0.0,0.0,0.0,0.0,27.8,31.6,25.6,7.6,41.8
24 Feb,9.2,3.6,3.8,5.0,25.9,29.3,23.3,6.5,45.0
25 Feb,0.0,0.0,0.0,0.0,27.2,30.8,24.6,9.4,52.6
26 Feb,0.0,0.0,0.0,0.0,27.8,31.4,25.7,9.0,40.0
27 Feb,0.0,0.0,0.0,0.0,28.0,32.0,25.2,7.9,38.2
28 Feb,0.0,0.0,0.0,0.0,27.9,31.3,25.8,9.4,40.0
29 Feb,0.0,0.0,0.0,0.0,28.1,31.3,26.2,10.1,49.3
1 Jan,0.8,0.4,0.4,0.4,26.5,28.4,24.3,6.1,35.6
2 Jan,22.4,9.8,13.2,17.8,25.3,27.3,22.8,6.1,49.3
3 Jan,1.4,0.6,1.0,1.2,25.6,26.6,24.8,5.4,33.5
4 Jan,7.4,4.4,6.6,7.0,27.3,30.7,25.1,5.8,32.4
5 Jan,0.0,0.0,0.0,0.0,28.2,31.8,26.0,6.8,31.3
6 Jan,1.4,1.2,1.2,1.4,28.2,31.5,26.4,6.5,32.0
7 Jan,0.0,0.0,0.0,0.0,28.4,32.5,26.3,7.6,34.6
8 Jan,0.0,0.0,0.0,0.0,28.1,32.4,25.8,7.2,39.2
9 Jan,6.4,5.8,6.4,6.4,28.3,32.5,25.5,7.2,40.0
10 Jan,0.0,0.0,0.0,0.0,28.5,32.5,26.3,6.5,31.7
11 Jan,15.0,7.0,7.0,7.6,27.8,32.2,25.4,4.7,31.7
12 Jan,0.0,0.0,0.0,0.0,28.4,32.0,26.4,6.5,32.4
13 Jan,0.0,0.0,0.0,0.0,28.7,31.8,26.6,6.8,33.8
14 Jan,8.6,7.4,8.6,8.6,28.2,33.3,26.2,5.8,31.3
15 Jan,19.8,15.6,19.8,19.8,27.5,31.6,24.8,4.3,24.5
16 Jan,11.8,6.2,9.6,11.4,27.2,31.4,25.6,4.0,19.1
17 Jan,22.8,22.6,22.6,22.6,27.4,32.4,24.3,4.0,33.1
18 Jan,13.8,11.4,13.0,13.6,27.7,33.5,25.4,5.4,32.0
19 Jan,4.6,3.4,3.4,3.4,27.9,30.6,26.2,5.4,41.8
20 Jan,8.6,8.4,8.4,8.4,27.4,31.0,25.2,5.8,35.6
21 Jan,0.2,0.2,0.2,0.2,27.9,30.7,26.6,5.4,31.7
22 Jan,20.8,7.4,8.0,8.8,27.4,31.4,25.1,5.0,45.0
23 Jan,1.0,1.0,1.0,1.0,27.5,32.4,25.9,6.8,37.4
24 Jan,0.6,0.4,0.6,0.6,28.2,32.2,26.2,8.3,45.0
25 Jan,10.8,6.8,7.4,7.4,27.6,30.8,25.2,7.6,43.2
26 Jan,3.8,1.4,1.4,2.6,27.1,29.7,25.2,6.5,38.5
27 Jan,0.0,0.0,0.0,0.0,28.3,31.8,26.0,7.2,36.7
28 Jan,0.4,0.4,0.4,0.4,27.8,32.1,25.6,5.8,31.3
29 Jan,2.8,2.4,2.4,2.6,27.5,31.2,25.2,5.4,32.4
30 Jan,0.0,0.0,0.0,0.0,28.5,33.0,26.0,6.5,29.5
31 Jan,5.0,5.0,5.0,5.0,27.7,32.5,25.9,6.5,34.6
1 Dec,26.6,11.6,17.2,23.8,26.4,32.5,23.4,5.2,41.0
2 Dec,18.0,10.8,17.4,17.8,26.7,32.2,25.0,4.4,22.0
3 Dec,0.0,0.0,0.0,0.0,28.2,32.6,25.8,4.3,28.8
4 Dec,0.0,0.0,0.0,0.0,28.1,31.4,26.3,4.8,30.6
5 Dec,40.4,18.2,22.4,40.0,27.5,32.7,23.5,4.5,37.4
6 Dec,10.8,6.0,6.4,8.0,27.0,32.0,25.2,4.9,36.0
7 Dec,0.0,0.0,0.0,0.0,28.3,32.4,25.3,6.4,33.5
8 Dec,49.4,22.6,29.8,31.2,27.6,31.4,24.3,3.9,27.7
9 Dec,1.6,1.0,1.0,1.2,27.7,32.1,24.2,6.0,28.4
10 Dec,45.4,37.8,41.2,42.6,27.6,33.1,22.9,5.4,31.7
11 Dec,76.6,40.8,65.4,76.6,26.7,30.2,22.4,3.9,42.1
12 Dec,11.4,5.6,7.0,7.6,26.5,31.1,25.0,5.2,25.2
13 Dec,20.0,12.2,12.2,12.4,25.1,28.3,24.0,5.2,32.0
14 Dec,0.8,0.2,0.4,0.4,27.2,31.3,23.9,4.3,22.0
15 Dec,0.0,0.0,0.0,0.0,26.9,29.0,25.1,6.4,22.3
16 Dec,0.4,0.4,0.4,0.4,27.2,29.7,25.5,5.9,39.2
17 Dec,0.0,0.0,0.0,0.0,27.4,30.0,25.8,6.6,41.8
18 Dec,0.6,0.4,0.6,0.6,27.2,30.6,25.3,7.2,40.7
19 Dec,0.0,0.0,0.0,0.0,28.3,32.5,25.7,7.1,38.5
20 Dec,0.0,0.0,0.0,0.0,28.2,31.9,25.2,6.5,31.3
22 Dec,0.2,0.2,0.2,0.2,28.9,32.3,26.1,4.5,28.8
23 Dec,2.6,2.2,2.2,2.6,28.0,31.6,23.0,5.8,47.9
24 Dec,24.0,18.4,19.4,22.8,26.4,29.2,22.8,4.6,36.4
25 Dec,0.0,0.0,0.0,0.0,27.6,31.3,25.2,6.1,37.4
26 Dec,0.0,0.0,0.0,0.0,28.2,31.6,25.9,6.7,35.3
27 Dec,0.0,0.0,0.0,0.0,28.1,31.3,25.7,6.4,32.4
28 Dec,4.8,2.6,2.8,2.8,27.5,31.4,25.7,6.2,33.5
29 Dec,10.0,6.6,9.0,9.4,26.1,28.5,23.6,7.0,39.2
30 Dec,0.0,0.0,0.0,0.0,27.8,31.5,25.5,7.9,43.9
31 Dec,16.8,4.8,6.4,8.2,26.2,30.1,24.5,7.1,47.2
1 Nov,0.2,0.2,0.2,0.2,27.3,32.4,24.9,4.0,17.6
2 Nov,16.4,11.8,15.8,16.4,26.8,32.5,23.8,4.6,37.4
3 Nov,0.0,0.0,0.0,0.0,27.9,31.6,25.1,5.5,26.3
4 Nov,1.2,1.2,1.2,1.2,27.9,31.6,25.3,4.3,24.1
5 Nov,0.0,0.0,0.0,0.0,28.5,32.4,25.8,4.4,26.3
6 Nov,0.0,0.0,0.0,0.0,28.5,32.3,26.5,6.0,28.8
7 Nov,14.8,7.0,7.2,7.2,27.0,31.6,23.0,5.4,32.8
8 Nov,5.6,5.6,5.6,5.6,27.2,29.7,25.5,3.5,21.2
9 Nov,18.6,10.0,13.0,18.6,27.4,30.8,24.7,4.2,19.4
10 Nov,8.4,4.0,4.8,7.8,27.7,32.6,26.0,3.7,22.3
11 Nov,4.0,3.0,3.4,3.6,26.5,31.6,24.8,4.5,32.0
12 Nov,0.0,0.0,0.0,0.0,27.8,31.9,25.2,5.6,26.3
13 Nov,2.0,1.2,1.4,1.8,27.8,32.2,26.4,3.5,18.0
14 Nov,0.0,0.0,0.0,0.0,28.6,31.7,25.9,7.1,38.2
15 Nov,0.0,0.0,0.0,0.0,28.0,31.1,26.7,4.0,28.1
16 Nov,23.2,9.4,15.6,22.4,25.5,27.9,23.8,5.2,30.2
17 Nov,33.8,13.2,21.2,32.6,26.8,31.8,22.8,4.7,22.0
18 Nov,0.0,0.0,0.0,0.0,28.6,32.3,26.1,6.5,32.8
19 Nov,0.0,0.0,0.0,0.0,28.5,31.2,26.6,5.0,28.4
20 Nov,2.4,2.2,2.2,2.2,27.0,32.2,25.1,4.2,34.2
21 Nov,0.0,0.0,0.0,0.0,27.2,32.4,25.2,4.5,25.9
22 Nov,0.2,0.2,0.2,0.2,27.7,30.9,25.3,4.8,25.9
23 Nov,0.0,0.0,0.0,0.0,28.8,34.3,26.0,5.8,29.9
24 Nov,47.2,18.4,23.2,40.4,26.3,29.4,23.9,3.6,25.9
25 Nov,3.2,2.2,2.4,2.8,26.8,31.5,25.0,4.7,32.8
26 Nov,24.4,14.6,16.4,17.0,26.1,30.8,24.1,5.6,28.1
27 Nov,0.0,0.0,0.0,0.0,27.3,32.8,24.3,4.5,20.9
28 Nov,0.0,0.0,0.0,0.0,28.3,33.6,25.4,5.6,36.4
29 Nov,0.6,0.2,0.2,0.2,28.4,32.1,25.3,5.3,35.3
30 Nov,12.2,4.6,5.4,5.6,27.2,31.9,24.8,4.8,24.5
1 Oct,0.0,0.0,0.0,0.0,28.5,32.8,27.2,8.5,30.2
2 Oct,9.4,2.2,4.0,7.0,27.3,31.4,23.5,6.3,50.8
3 Oct,0.0,0.0,0.0,0.0,27.9,30.6,25.8,6.7,27.4
4 Oct,0.0,0.0,0.0,0.0,28.6,31.6,26.8,9.3,33.5
5 Oct,0.2,0.2,0.2,0.2,28.2,30.9,27.3,5.7,20.5
6 Oct,30.4,17.6,29.0,30.2,27.7,31.4,23.9,6.5,38.5
7 Oct,12.4,12.0,12.0,12.0,27.9,31.7,23.6,5.4,33.5
8 Oct,0.0,0.0,0.0,0.0,28.1,32.7,26.0,4.7,29.9
9 Oct,0.0,0.0,0.0,0.0,28.9,33.2,27.0,7.7,27.7
10 Oct,0.0,0.0,0.0,0.0,28.7,31.9,27.0,8.2,26.6
11 Oct,0.0,0.0,0.0,0.0,29.1,34.2,26.9,9.4,27.0
12 Oct,0.0,0.0,0.0,0.0,29.1,33.8,27.1,8.1,28.8
13 Oct,0.0,0.0,0.0,0.0,29.0,34.2,27.1,9.6,38.2
14 Oct,0.0,0.0,0.0,0.0,29.0,33.0,27.1,9.3,28.1
15 Oct,0.0,0.0,0.0,0.0,29.4,33.3,27.4,9.3,27.7
16 Oct,0.0,0.0,0.0,0.0,28.8,32.3,27.1,9.4,25.9
17 Oct,0.0,0.0,0.0,0.0,28.9,32.8,27.3,9.0,28.8
18 Oct,0.0,0.0,0.0,0.0,28.9,31.6,27.3,8.5,27.4
19 Oct,0.0,0.0,0.0,0.0,28.9,32.1,27.3,9.3,34.6
20 Oct,0.0,0.0,0.0,0.0,28.9,32.1,27.2,9.9,33.1
21 Oct,0.0,0.0,0.0,0.0,29.0,32.3,27.0,11.5,34.6
22 Oct,0.0,0.0,0.0,0.0,28.9,32.5,27.1,10.1,29.2
23 Oct,0.0,0.0,0.0,0.0,29.0,32.3,27.3,10.4,33.8
24 Oct,4.2,3.6,3.8,3.8,28.4,31.2,26.9,10.1,33.8
25 Oct,1.4,1.4,1.4,1.4,28.6,32.1,26.7,5.4,23.8
26 Oct,0.0,0.0,0.0,0.0,29.1,33.6,27.0,6.7,24.5
27 Oct,0.2,0.2,0.2,0.2,28.6,33.1,26.1,5.4,30.6
28 Oct,19.8,7.8,11.8,15.8,26.5,31.5,21.8,6.8,59.0
29 Oct,0.0,0.0,0.0,0.0,28.3,31.7,24.8,6.1,29.2
30 Oct,8.8,8.4,8.4,8.4,27.0,30.7,24.1,3.7,36.0
31 Oct,0.8,0.8,0.8,0.8,27.1,32.3,25.2,3.9,21.6
1 Sep,0.0,0.0,0.0,0.0,28.6,31.5,27.0,10.0,35.3
2 Sep,0.0,0.0,0.0,0.0,28.6,32.0,26.9,11.4,34.6
3 Sep,2.0,2.0,2.0,2.0,28.4,31.1,26.7,12.2,35.3
4 Sep,0.0,0.0,0.0,0.0,28.5,32.5,27.3,10.8,32.8
5 Sep,0.0,0.0,0.0,0.0,28.8,32.3,27.1,10.0,30.2
6 Sep,0.0,0.0,0.0,0.0,28.6,32.1,26.8,9.0,31.7
7 Sep,0.0,0.0,0.0,0.0,28.4,31.6,26.8,9.0,29.2
8 Sep,0.0,0.0,0.0,0.0,28.4,31.0,26.9,10.2,31.3
9 Sep,0.0,0.0,0.0,0.0,26.6,30.0,24.5,6.6,36.0
10 Sep,0.0,0.0,0.0,0.0,27.4,30.0,25.0,5.7,29.5
11 Sep,0.0,0.0,0.0,0.0,28.4,32.1,26.5,10.0,30.2
12 Sep,0.0,0.0,0.0,0.0,28.1,31.0,26.7,10.2,35.3
13 Sep,0.0,0.0,0.0,0.0,28.5,31.7,27.1,7.9,25.9
14 Sep,0.6,0.6,0.6,0.6,28.1,30.8,27.0,9.4,37.4
15 Sep,60.0,25.4,27.4,30.4,26.3,29.1,23.8,6.0,34.6
16 Sep,15.0,15.0,15.0,15.0,27.0,29.3,25.0,8.8,40.3
17 Sep,0.0,0.0,0.0,0.0,28.3,30.9,26.9,9.5,32.0
18 Sep,0.0,0.0,0.0,0.0,28.5,30.9,27.2,12.3,34.6
19 Sep,0.0,0.0,0.0,0.0,28.7,31.5,27.0,10.1,32.8
20 Sep,0.0,0.0,0.0,0.0,29.1,32.7,27.1,6.3,31.3
21 Sep,1.4,1.4,1.4,1.4,28.5,30.8,27.4,7.6,35.6
22 Sep,1.0,1.0,1.0,1.0,28.4,31.0,26.9,8.6,46.1
23 Sep,0.0,0.0,0.0,0.0,28.5,31.0,27.0,6.0,30.2
24 Sep,0.0,0.0,0.0,0.0,28.3,31.4,26.3,4.7,25.6
25 Sep,0.0,0.0,0.0,0.0,28.4,31.2,26.9,8.0,28.8
26 Sep,0.0,0.0,0.0,0.0,28.5,32.0,26.8,8.4,33.5
27 Sep,0.0,0.0,0.0,0.0,28.6,32.3,27.0,7.6,29.5
28 Sep,65.0,32.6,46.8,61.8,27.4,31.3,23.2,6.0,40.7
29 Sep,0.0,0.0,0.0,0.0,28.0,31.3,25.5,6.4,31.3
30 Sep,6.2,6.2,6.2,6.2,28.1,31.9,25.1,7.1,41.4
1 Aug,0.4,0.4,0.4,0.4,26.5,29.6,24.3,6.6,37.4
2 Aug,3.2,3.2,3.2,3.2,28.1,31.2,26.1,8.4,34.6
3 Aug,30.4,23.4,26.4,26.8,25.9,27.9,22.4,8.3,45.4
4 Aug,31.2,20.6,24.2,27.8,26.6,29.6,23.2,5.6,32.4
5 Aug,0.0,0.0,0.0,0.0,28.2,31.5,26.7,8.6,30.2
6 Aug,10.2,10.0,10.2,10.2,26.7,29.3,22.8,8.0,35.6
7 Aug,49.8,23.2,28.0,30.0,26.8,28.9,24.5,8.1,41.8
8 Aug,42.8,40.0,42.4,42.6,27.6,29.9,23.2,7.9,49.7
9 Aug,10.0,8.2,9.6,9.6,27.0,31.0,22.0,8.8,51.8
10 Aug,2.2,2.2,2.2,2.2,28.1,31.3,26.5,10.6,34.6
11 Aug,0.6,0.2,0.2,0.4,28.2,31.1,27.3,8.9,36.4
12 Aug,3.6,0.8,1.2,1.4,26.2,27.8,24.4,6.7,28.8
13 Aug,0.0,0.0,0.0,0.0,27.9,31.5,25.7,8.3,38.5
14 Aug,0.0,0.0,0.0,0.0,28.8,31.9,27.0,9.3,26.6
15 Aug,0.0,0.0,0.0,0.0,28.6,32.2,27.0,11.7,38.9
16 Aug,1.0,1.0,1.0,1.0,28.3,31.3,26.3,9.6,43.9
17 Aug,7.6,7.4,7.4,7.4,27.9,29.6,23.5,9.6,50.8
18 Aug,0.0,0.0,0.0,0.0,28.5,31.9,26.7,11.1,36.7
19 Aug,0.0,0.0,0.0,0.0,28.5,31.4,26.8,9.7,33.5
20 Aug,0.0,0.0,0.0,0.0,28.7,32.0,27.1,8.6,33.1
21 Aug,4.6,4.4,4.4,4.4,28.1,30.9,24.3,7.5,31.0
22 Aug,0.0,0.0,0.0,0.0,28.4,31.4,27.1,10.4,36.7
23 Aug,0.0,0.0,0.0,0.0,28.4,31.3,27.1,11.8,36.4
24 Aug,0.0,0.0,0.0,0.0,28.3,31.0,27.2,11.5,36.7
25 Aug,22.4,20.8,22.2,22.2,27.6,29.5,24.0,8.8,40.0
26 Aug,0.2,0.2,0.2,0.2,28.3,31.1,25.6,9.6,41.4
27 Aug,0.0,0.0,0.0,0.0,28.6,31.7,26.1,10.8,38.5
28 Aug,0.0,0.0,0.0,0.0,28.6,32.1,27.0,11.1,38.5
29 Aug,0.0,0.0,0.0,0.0,29.0,32.4,27.4,11.9,34.2
30 Aug,0.0,0.0,0.0,0.0,28.7,31.6,27.3,11.9,41.4
31 Aug,0.0,0.0,0.0,0.0,28.6,31.6,27.2,11.4,37.4
1 Jul,1.8,1.8,1.8,1.8,28.0,29.8,23.7,7.6,32.4
2 Jul,0.0,0.0,0.0,0.0,28.8,31.0,27.5,9.1,39.2
3 Jul,0.0,0.0,0.0,0.0,28.8,31.8,27.4,10.8,42.1
4 Jul,23.4,17.6,18.8,23.4,26.9,29.0,22.3,8.4,47.2
5 Jul,0.0,0.0,0.0,0.0,28.7,31.5,27.3,9.4,37.4
6 Jul,1.0,1.0,1.0,1.0,28.7,31.3,27.5,10.5,32.8
7 Jul,0.0,0.0,0.0,0.0,28.8,30.7,27.5,10.3,36.7
8 Jul,9.8,9.8,9.8,9.8,28.5,31.3,25.8,8.0,41.4
9 Jul,1.2,1.2,1.2,1.2,29.0,32.0,26.6,6.2,29.5
10 Jul,16.8,12.6,16.0,16.2,28.2,29.9,24.4,9.0,45.0
11 Jul,0.0,0.0,0.0,0.0,28.9,31.8,27.5,9.7,37.4
12 Jul,0.0,0.0,0.0,0.0,28.9,32.0,27.6,9.5,32.0
13 Jul,2.6,2.6,2.6,2.6,28.7,30.3,27.6,11.2,42.5
14 Jul,0.0,0.0,0.0,0.0,28.1,30.2,25.5,12.7,52.6
15 Jul,0.0,0.0,0.0,0.0,28.8,32.0,27.6,9.2,30.6
16 Jul,0.0,0.0,0.0,0.0,28.9,32.5,27.6,9.8,40.0
17 Jul,14.4,10.0,10.0,14.4,28.7,31.6,25.6,10.1,42.8
18 Jul,0.0,0.0,0.0,0.0,29.1,31.8,27.8,10.8,34.9
19 Jul,0.0,0.0,0.0,0.0,29.1,32.4,27.8,10.0,34.6
20 Jul,0.0,0.0,0.0,0.0,28.9,32.4,27.5,9.6,35.3
21 Jul,0.0,0.0,0.0,0.0,29.2,32.5,27.6,9.9,34.2
22 Jul,0.0,0.0,0.0,0.0,29.4,32.7,27.6,12.6,37.1
23 Jul,0.0,0.0,0.0,0.0,28.8,31.0,27.5,11.4,36.0
24 Jul,0.0,0.0,0.0,0.0,28.6,32.5,27.1,8.8,39.6
25 Jul,0.0,0.0,0.0,0.0,29.1,32.3,27.1,9.5,33.8
26 Jul,0.2,0.2,0.2,0.2,28.1,31.3,25.1,8.7,53.6
27 Jul,0.2,0.2,0.2,0.2,28.4,31.0,27.0,9.9,47.9
28 Jul,1.8,1.6,1.6,1.6,28.0,30.9,25.9,11.0,40.7
29 Jul,0.0,0.0,0.0,0.0,28.7,32.5,26.8,13.8,40.7
30 Jul,0.0,0.0,0.0,0.0,28.5,31.7,27.3,9.1,37.1
31 Jul,1.4,0.6,1.0,1.0,27.2,30.7,24.7,6.8,47.2
1 Jun,0.0,0.0,0.0,0.0,29.4,33.3,27.3,6.9,25.9
2 Jun,0.0,0.0,0.0,0.0,28.9,33.5,25.9,8.8,36.4
3 Jun,0.0,0.0,0.0,0.0,28.5,31.9,25.6,8.1,28.8
4 Jun,0.0,0.0,0.0,0.0,28.9,33.0,27.2,7.9,27.0
5 Jun,0.0,0.0,0.0,0.0,28.8,33.1,26.3,6.3,31.0
6 Jun,5.4,5.4,5.4,5.4,28.2,31.8,26.6,3.8,31.3
7 Jun,5.8,1.2,1.8,2.6,28.0,31.0,25.1,6.1,26.3
8 Jun,12.6,9.0,9.0,9.2,27.8,29.4,24.9,5.9,31.0
9 Jun,0.0,0.0,0.0,0.0,27.8,30.6,25.8,5.0,27.0
10 Jun,0.0,0.0,0.0,0.0,28.7,32.1,26.7,6.5,32.0
11 Jun,1.4,1.2,1.2,1.2,28.3,31.9,26.7,6.7,33.8
12 Jun,12.4,10.2,10.8,11.4,26.8,29.6,24.1,6.1,33.5
13 Jun,0.0,0.0,0.0,0.0,27.6,30.2,25.3,5.5,25.9
14 Jun,3.2,1.4,2.0,2.6,26.3,28.0,24.2,7.6,37.4
15 Jun,0.0,0.0,0.0,0.0,27.7,29.6,25.7,7.2,32.0
16 Jun,0.6,0.2,0.4,0.6,27.2,29.1,23.5,7.2,46.1
17 Jun,0.0,0.0,0.0,0.0,28.0,30.6,26.9,7.6,38.5
18 Jun,0.0,0.0,0.0,0.0,28.9,32.1,27.2,9.9,27.4
19 Jun,0.0,0.0,0.0,0.0,28.9,31.0,27.6,10.6,36.7
20 Jun,0.0,0.0,0.0,0.0,29.2,31.4,27.7,9.8,37.4
21 Jun,0.0,0.0,0.0,0.0,29.4,32.1,28.1,10.2,37.1
22 Jun,0.0,0.0,0.0,0.0,29.4,32.4,27.8,10.0,39.2
23 Jun,0.0,0.0,0.0,0.0,29.4,32.1,27.9,9.9,39.6
24 Jun,0.0,0.0,0.0,0.0,29.1,31.8,27.7,11.1,35.3
25 Jun,0.0,0.0,0.0,0.0,29.2,32.3,27.8,10.4,31.7
26 Jun,0.0,0.0,0.0,0.0,29.1,32.0,27.6,10.6,31.0
27 Jun,0.0,0.0,0.0,0.0,29.0,31.5,27.5,11.1,35.3
28 Jun,0.0,0.0,0.0,0.0,29.1,31.4,27.7,10.4,36.0
29 Jun,0.0,0.0,0.0,0.0,29.4,32.5,27.8,9.2,29.9
30 Jun,0.0,0.0,0.0,0.0,29.3,32.3,27.6,9.2,32.0
1 May,0.0,0.0,0.0,0.0,28.0,32.5,25.5,4.5,25.9
2 May,4.4,4.4,4.4,4.4,27.7,31.1,24.6,4.4,25.6
3 May,46.0,24.6,35.0,41.8,26.4,29.5,23.9,6.0,45.0
4 May,0.0,0.0,0.0,0.0,28.0,31.9,26.5,5.5,30.6
5 May,0.0,0.0,0.0,0.0,29.0,32.5,25.8,5.9,27.0
6 May,3.4,3.2,3.4,3.4,28.8,32.8,25.1,5.9,35.3
7 May,0.0,0.0,0.0,0.0,28.9,32.4,28.0,8.7,26.6
8 May,28.6,24.0,28.6,28.6,28.5,31.9,24.4,8.4,45.0
9 May,0.0,0.0,0.0,0.0,28.7,31.8,26.6,8.7,32.0
10 May,0.0,0.0,0.0,0.0,29.1,33.7,27.8,9.4,29.2
11 May,0.0,0.0,0.0,0.0,29.6,32.9,27.8,11.1,33.1
12 May,0.0,0.0,0.0,0.0,29.1,32.2,27.9,9.8,43.2
13 May,0.0,0.0,0.0,0.0,29.1,32.5,27.8,7.3,29.5
14 May,0.2,0.2,0.2,0.2,28.8,34.1,26.4,7.6,32.4
15 May,46.2,29.6,40.8,44.8,26.9,29.4,23.8,4.5,28.4
16 May,0.0,0.0,0.0,0.0,28.1,30.3,27.0,7.5,25.6
17 May,0.0,0.0,0.0,0.0,29.1,32.6,27.2,7.2,34.9
18 May,6.2,3.2,4.0,5.6,28.6,32.4,25.6,5.6,27.4
19 May,0.0,0.0,0.0,0.0,29.2,32.9,27.8,8.5,33.8
20 May,0.4,0.2,0.2,0.2,28.6,30.6,26.9,8.3,35.6
21 May,0.0,0.0,0.0,0.0,29.0,31.8,27.0,8.1,29.9
22 May,0.0,0.0,0.0,0.0,28.5,30.7,27.9,8.5,28.8
23 May,21.6,9.4,16.2,16.2,26.6,28.3,24.6,5.2,34.9
24 May,0.0,0.0,0.0,0.0,28.3,31.8,26.2,6.1,27.7
25 May,0.0,0.0,0.0,0.0,28.5,32.1,27.7,7.4,41.8
26 May,12.8,7.0,11.0,12.8,28.4,31.8,25.3,7.7,34.6
27 May,0.0,0.0,0.0,0.0,28.1,30.8,25.6,7.4,29.9
28 May,0.0,0.0,0.0,0.0,28.8,31.7,26.3,7.0,28.8
29 May,0.0,0.0,0.0,0.0,29.3,32.5,28.1,9.9,35.6
30 May,0.0,0.0,0.0,0.0,29.5,33.6,28.0,10.7,34.6
31 May,0.0,0.0,0.0,0.0,29.3,33.6,27.0,7.7,32.4
1 Apr,0.0,0.0,0.0,0.0,27.1,32.1,25.1,4.3,31.0
2 Apr,38.6,32.8,37.8,38.4,26.7,31.9,23.2,5.2,52.2
3 Apr,0.0,0.0,0.0,0.0,27.4,30.9,25.3,5.0,32.8
4 Apr,0.0,0.0,0.0,0.0,28.8,33.5,26.4,8.4,30.6
5 Apr,0.4,0.4,0.4,0.4,28.1,32.0,26.9,4.8,23.8
6 Apr,3.0,2.4,2.8,2.8,28.3,33.0,26.4,5.9,32.8
7 Apr,3.4,2.4,2.6,3.4,28.7,32.9,26.4,6.3,32.4
8 Apr,0.0,0.0,0.0,0.0,28.9,32.6,26.1,6.9,32.4
9 Apr,0.0,0.0,0.0,0.0,28.9,32.7,26.9,7.2,37.4
10 Apr,1.4,0.8,1.4,1.4,28.7,32.2,26.6,7.9,33.1
11 Apr,0.0,0.0,0.0,0.0,28.2,32.1,26.3,4.6,23.8
12 Apr,13.0,11.8,12.8,13.0,28.2,32.8,25.0,5.4,35.3
13 Apr,0.0,0.0,0.0,0.0,28.7,33.4,26.5,6.6,34.2
14 Apr,0.0,0.0,0.0,0.0,28.8,32.5,26.4,7.9,35.3
15 Apr,0.0,0.0,0.0,0.0,28.7,32.0,26.5,7.5,30.6
16 Apr,0.0,0.0,0.0,0.0,29.2,32.9,26.9,8.3,35.3
17 Apr,3.8,3.8,3.8,3.8,29.2,32.6,27.2,7.7,38.5
18 Apr,0.0,0.0,0.0,0.0,29.0,32.7,27.1,5.3,28.8
19 Apr,1.2,0.6,1.0,1.2,28.2,33.1,24.5,5.3,36.0
20 Apr,0.0,0.0,0.0,0.0,29.2,32.8,27.1,5.3,28.1
21 Apr,0.4,0.2,0.2,0.4,28.3,33.1,25.2,5.1,29.9
22 Apr,3.0,3.0,3.0,3.0,27.8,32.7,25.1,5.8,30.2
23 Apr,0.4,0.2,0.4,0.4,27.8,32.0,26.2,4.5,36.0
24 Apr,12.2,10.2,12.2,12.2,27.2,33.2,23.4,5.6,31.0
25 Apr,17.8,15.0,17.4,17.8,27.3,31.9,23.6,5.1,38.5
26 Apr,3.4,2.2,2.2,2.4,27.4,32.1,25.0,5.0,38.2
27 Apr,20.4,19.6,20.4,20.4,27.2,30.6,23.1,3.9,41.4
28 Apr,24.4,18.2,22.2,23.4,27.3,32.0,22.7,5.3,37.1
29 Apr,0.0,0.0,0.0,0.0,28.4,33.0,25.8,3.5,22.0
30 Apr,5.4,4.8,5.0,5.0,27.2,31.4,24.3,4.9,32.8
1 Mar,0.0,0.0,0.0,0.0,28.2,32.5,25.5,7.7,34.2
2 Mar,0.0,0.0,0.0,0.0,27.2,33.6,24.4,6.5,38.5
3 Mar,0.0,0.0,0.0,0.0,27.9,32.3,25.5,6.7,33.5
4 Mar,0.0,0.0,0.0,0.0,27.8,32.0,25.9,6.1,34.9
5 Mar,0.0,0.0,0.0,0.0,27.9,33.9,25.2,6.0,34.2
6 Mar,0.0,0.0,0.0,0.0,27.6,32.0,24.9,6.4,26.6
7 Mar,0.0,0.0,0.0,0.0,28.0,32.5,25.4,7.3,33.5
8 Mar,1.6,1.6,1.6,1.6,27.8,33.1,25.2,5.8,29.2
9 Mar,0.2,0.2,0.2,0.2,27.6,32.0,25.4,6.4,34.6
10 Mar,0.0,0.0,0.0,0.0,27.6,32.3,24.6,7.1,40.7
11 Mar,10.2,2.2,3.0,4.6,25.6,27.6,24.0,6.2,38.2
12 Mar,0.0,0.0,0.0,0.0,27.1,31.0,24.7,6.6,37.1
13 Mar,0.0,0.0,0.0,0.0,27.4,32.8,24.9,7.1,32.0
14 Mar,13.6,12.0,13.6,13.6,27.4,31.7,24.5,6.9,32.0
15 Mar,0.0,0.0,0.0,0.0,27.3,32.1,25.3,6.3,29.2
16 Mar,0.0,0.0,0.0,0.0,27.7,32.8,25.7,5.7,25.9
17 Mar,0.8,0.8,0.8,0.8,27.8,31.9,26.1,7.8,31.0
18 Mar,0.0,0.0,0.0,0.0,27.9,32.0,25.8,7.3,28.1
19 Mar,11.4,10.2,11.4,11.4,27.6,31.4,25.1,7.2,34.9
20 Mar,0.0,0.0,0.0,0.0,28.2,32.5,25.7,6.7,27.0
21 Mar,19.2,18.6,19.2,19.2,27.8,32.9,23.8,7.4,38.9
22 Mar,55.0,40.0,53.8,55.0,27.0,32.7,21.9,5.6,41.0
23 Mar,0.2,0.2,0.2,0.2,28.0,32.0,25.7,7.9,31.3
24 Mar,0.0,0.0,0.0,0.0,28.1,31.3,26.1,6.8,28.8
25 Mar,0.0,0.0,0.0,0.0,28.4,32.1,26.6,8.9,41.0
26 Mar,0.0,0.0,0.0,0.0,28.5,32.3,26.5,8.2,40.7
27 Mar,0.0,0.0,0.0,0.0,28.6,31.5,26.5,8.3,39.2
28 Mar,1.0,0.6,0.6,0.6,28.1,30.5,26.3,6.1,34.2
29 Mar,32.2,17.6,25.4,30.0,26.6,28.1,22.5,5.5,43.9
30 Mar,0.2,0.2,0.2,0.2,28.1,31.9,25.6,7.4,34.2
31 Mar,0.0,0.0,0.0,0.0,28.1,31.8,26.1,5.7,36.7
1 Feb,0.0,0.0,0.0,0.0,26.2,30.0,23.8,8.1,47.2
2 Feb,3.2,3.0,3.0,3.0,25.8,28.2,24.0,6.8,39.6
3 Feb,0.0,0.0,0.0,0.0,25.9,29.4,24.3,7.8,36.4
4 Feb,9.0,7.6,8.8,8.8,25.2,27.4,23.2,6.8,33.8
5 Feb,0.0,0.0,0.0,0.0,26.4,29.7,24.5,9.4,47.2
6 Feb,8.6,6.4,7.0,7.8,25.7,28.8,23.3,7.9,41.8
7 Feb,0.0,0.0,0.0,0.0,26.3,29.7,24.4,8.6,43.2
8 Feb,0.0,0.0,0.0,0.0,26.4,29.9,24.2,9.1,39.6
9 Feb,0.0,0.0,0.0,0.0,26.4,29.7,24.5,10.4,44.6
14 Feb,0.0,0.0,0.0,0.0,26.4,30.2,23.9,7.6,32.0
15 Feb,0.0,0.0,0.0,0.0,26.8,31.8,24.2,7.9,32.8
16 Feb,0.0,0.0,0.0,0.0,27.3,32.1,24.6,8.4,36.4
17 Feb,0.0,0.0,0.0,0.0,27.3,31.5,24.9,7.8,36.0
18 Feb,0.0,0.0,0.0,0.0,27.6,32.3,24.8,7.6,33.8
19 Feb,28.6,16.2,24.2,27.6,26.2,31.2,22.3,7.5,40.0
20 Feb,0.0,0.0,0.0,0.0,27.2,31.3,25.1,8.3,32.0
21 Feb,0.0,0.0,0.0,0.0,27.0,31.5,24.7,7.8,35.3
22 Feb,0.0,0.0,0.0,0.0,27.1,31.0,24.6,7.5,31.7
23 Feb,32.2,27.6,30.8,32.0,26.9,32.9,24.5,7.4,41.8
24 Feb,0.0,0.0,0.0,0.0,27.0,29.7,24.9,6.9,35.6
25 Feb,0.0,0.0,0.0,0.0,27.2,31.2,24.8,8.1,34.9
26 Feb,0.0,0.0,0.0,0.0,27.2,31.2,24.9,7.5,29.2
27 Feb,0.0,0.0,0.0,0.0,27.7,32.4,20.8,7.9,39.6
28 Feb,0.0,0.0,0.0,0.0,28.1,32.6,25.3,8.1,35.6
1 Jan,0.2,0.2,0.2,0.2,25.7,27.1,24.5,6.0,34.2
2 Jan,0.0,0.0,0.0,0.0,26.6,29.6,24.6,8.0,41.4
3 Jan,0.4,0.4,0.4,0.4,26.9,31.6,24.3,7.8,38.2
4 Jan,0.0,0.0,0.0,0.0,27.3,31.8,24.5,7.9,34.6
5 Jan,0.0,0.0,0.0,0.0,27.6,32.2,24.4,6.5,31.0
6 Jan,52.2,30.8,42.0,46.8,26.5,32.2,23.7,6.3,38.2
7 Jan,11.2,10.4,11.0,11.2,26.2,30.3,24.3,5.8,33.1
8 Jan,43.2,22.4,35.8,40.8,25.6,30.5,23.8,5.5,25.6
9 Jan,1.0,0.4,0.8,1.0,24.5,26.8,23.5,5.8,28.8
10 Jan,0.4,0.2,0.4,0.4,26.1,31.4,23.3,6.1,32.8
11 Jan,5.4,4.0,4.8,5.2,26.4,29.6,24.5,6.0,26.3
12 Jan,3.6,3.6,3.6,3.6,27.1,31.0,25.2,8.5,43.2
13 Jan,0.0,0.0,0.0,0.0,27.2,31.1,24.7,9.8,40.3
14 Jan,0.0,0.0,0.0,0.0,27.2,30.8,25.1,8.3,37.1
15 Jan,0.0,0.0,0.0,0.0,27.1,31.4,24.8,8.9,38.2
16 Jan,0.0,0.0,0.0,0.0,26.9,31.4,23.7,8.3,37.1
17 Jan,0.0,0.0,0.0,0.0,26.8,31.3,23.7,8.6,39.2
18 Jan,0.0,0.0,0.0,0.0,26.6,30.6,24.2,8.9,38.5
19 Jan,0.0,0.0,0.0,0.0,26.6,30.6,24.4,8.7,38.5
20 Jan,0.0,0.0,0.0,0.0,26.5,29.8,24.5,8.5,40.0
21 Jan,2.8,1.8,2.0,2.0,26.0,30.4,24.3,7.2,39.2
22 Jan,0.0,0.0,0.0,0.0,26.6,30.2,24.7,8.5,38.2
23 Jan,0.0,0.0,0.0,0.0,26.3,29.5,24.2,8.2,39.6
24 Jan,0.0,0.0,0.0,0.0,26.5,30.8,24.8,6.8,31.3
25 Jan,0.0,0.0,0.0,0.0,26.6,30.9,24.6,7.2,29.2
26 Jan,0.0,0.0,0.0,0.0,26.7,30.5,24.8,7.4,34.2
27 Jan,0.0,0.0,0.0,0.0,27.1,31.7,24.4,7.4,33.1
28 Jan,2.0,2.0,2.0,2.0,26.8,32.0,23.9,6.1,31.3
29 Jan,0.2,0.2,0.2,0.2,26.5,29.1,25.0,7.2,34.6
30 Jan,0.0,0.0,0.0,0.0,26.8,31.1,24.7,6.9,35.6
31 Jan,0.0,0.0,0.0,0.0,27.0,31.0,24.9,8.9,44.3
1 Dec,6.8,4.0,4.0,4.0,26.4,29.3,23.6,4.9,45.4
2 Dec,0.0,0.0,0.0,0.0,28.0,31.3,25.5,4.4,25.2
3 Dec,0.0,0.0,0.0,0.0,28.9,32.9,26.0,5.2,28.1
4 Dec,23.6,5.8,9.4,15.4,26.0,28.2,23.4,5.4,38.5
5 Dec,0.0,0.0,0.0,0.0,28.1,32.9,25.0,5.3,24.8
6 Dec,6.8,2.8,5.0,6.2,26.9,29.6,23.4,5.9,45.4
7 Dec,37.6,29.8,32.6,33.4,26.9,32.8,23.2,5.5,37.1
8 Dec,18.2,17.4,18.2,18.2,26.6,30.2,24.4,5.0,31.0
9 Dec,0.0,0.0,0.0,0.0,27.7,31.0,25.0,6.2,31.3
10 Dec,0.0,0.0,0.0,0.0,28.2,32.4,25.9,6.9,37.8
11 Dec,7.6,5.4,6.4,6.4,27.4,32.1,24.2,6.0,29.2
12 Dec,0.0,0.0,0.0,0.0,28.1,32.4,25.8,6.1,30.2
13 Dec,45.4,21.0,33.6,45.4,27.5,31.0,23.4,6.0,38.5
14 Dec,3.0,2.8,3.0,3.0,28.0,32.1,25.0,4.8,29.9
15 Dec,0.0,0.0,0.0,0.0,27.9,31.5,25.1,6.0,33.8
16 Dec,1.0,0.6,1.0,1.0,26.6,28.9,25.1,5.2,25.2
17 Dec,27.0,16.8,23.4,26.8,26.2,29.8,23.2,4.4,30.6
18 Dec,9.6,9.0,9.6,9.6,27.6,32.2,25.4,5.9,36.0
19 Dec,33.6,9.8,13.4,17.8,24.8,26.2,23.7,6.3,34.6
20 Dec,15.0,11.2,14.8,15.0,26.9,32.5,24.5,5.5,30.6
21 Dec,18.8,13.8,16.6,18.8,26.9,32.5,24.9,4.8,30.2
22 Dec,0.2,0.2,0.2,0.2,26.6,30.5,25.0,5.0,19.8
23 Dec,8.6,8.4,8.6,8.6,26.0,28.2,24.5,5.4,27.4
24 Dec,4.4,2.6,3.4,3.6,26.3,30.7,24.2,5.6,29.2
25 Dec,0.2,0.2,0.2,0.2,27.1,31.4,24.8,4.7,24.1
26 Dec,67.6,22.2,32.8,53.2,24.7,28.2,23.0,5.6,33.8
27 Dec,40.6,13.6,18.0,19.8,25.5,30.9,23.5,4.8,31.3
28 Dec,2.4,1.2,1.4,1.6,25.9,29.4,23.7,6.1,30.6
29 Dec,4.6,2.6,3.4,4.6,25.0,27.6,23.4,9.9,42.5
30 Dec,0.0,0.0,0.0,0.0,24.8,26.1,23.7,8.4,40.3
31 Dec,0.0,0.0,0.0,0.0,26.2,28.6,24.6,7.6,39.6
1 Nov,2.2,1.8,2.0,2.2,28.0,31.2,26.1,5.2,24.8
2 Nov,0.0,0.0,0.0,0.0,28.8,31.6,26.6,6.7,28.1
3 Nov,0.0,0.0,0.0,0.0,29.4,32.1,27.6,7.4,29.2
4 Nov,0.0,0.0,0.0,0.0,29.8,33.1,27.7,8.1,29.2
5 Nov,13.8,9.2,9.2,10.4,27.9,33.4,25.2,5.2,37.4
6 Nov,5.4,5.2,5.4,5.4,26.3,30.2,23.8,5.2,33.5
7 Nov,20.2,15.6,16.8,17.0,26.7,30.5,24.4,5.3,28.8
8 Nov,73.2,45.4,57.0,57.4,27.1,31.7,23.1,8.1,33.1
9 Nov,7.8,4.8,6.2,6.2,27.2,30.3,23.7,6.0,55.1
10 Nov,0.4,0.4,0.4,0.4,27.4,30.2,24.5,5.8,36.4
11 Nov,9.2,8.6,8.6,8.6,26.5,30.4,23.9,4.0,46.8
12 Nov,5.0,4.6,5.0,5.0,27.1,32.3,24.1,3.9,38.9
13 Nov,0.2,0.2,0.2,0.2,27.1,32.7,25.1,4.7,31.7
14 Nov,0.2,0.2,0.2,0.2,27.3,31.6,23.8,6.9,33.5
15 Nov,1.8,1.0,1.2,1.6,26.9,32.5,24.8,4.7,33.8
16 Nov,3.6,1.4,2.0,2.2,26.5,30.7,25.3,4.3,28.8
17 Nov,4.0,3.0,3.6,3.8,26.4,29.8,24.5,4.7,34.6
18 Nov,6.6,1.0,1.6,2.8,25.3,26.3,24.2,4.5,15.8
19 Nov,0.0,0.0,0.0,0.0,27.7,32.6,25.2,4.9,25.2
20 Nov,24.2,19.6,20.2,21.8,27.0,30.6,25.3,4.3,27.0
21 Nov,1.6,1.4,1.6,1.6,27.3,30.4,25.1,4.3,21.6
22 Nov,1.2,1.2,1.2,1.2,28.2,31.9,26.4,4.9,28.4
23 Nov,22.6,13.6,15.4,15.4,27.3,32.2,24.6,3.6,33.8
24 Nov,69.4,37.6,49.0,61.0,26.8,30.3,23.8,4.8,41.8
25 Nov,14.0,9.8,12.4,12.6,27.3,31.9,24.9,4.1,25.9
26 Nov,12.6,5.2,8.2,12.4,27.1,32.0,24.2,4.9,25.2
27 Nov,0.0,0.0,0.0,0.0,27.4,31.5,25.5,5.2,33.5
28 Nov,0.4,0.4,0.4,0.4,28.1,31.7,26.3,4.7,29.2
29 Nov,4.0,3.2,3.8,3.8,26.4,30.5,24.6,5.2,31.0
30 Nov,0.2,0.2,0.2,0.2,27.7,31.0,24.9,4.3,26.3
1 Oct,0.0,0.0,0.0,0.0,29.0,33.0,26.9,9.2,36.0
2 Oct,0.0,0.0,0.0,0.0,28.7,32.0,27.0,8.6,24.5
3 Oct,0.0,0.0,0.0,0.0,28.9,32.2,26.9,9.6,32.8
4 Oct,19.0,11.8,18.8,19.0,27.0,29.2,23.1,8.6,32.8
5 Oct,0.0,0.0,0.0,0.0,26.6,29.3,24.3,9.3,37.1
6 Oct,0.0,0.0,0.0,0.0,27.9,31.6,25.1,7.6,29.9
7 Oct,0.0,0.0,0.0,0.0,28.8,31.9,27.2,10.4,34.9
8 Oct,0.0,0.0,0.0,0.0,28.9,32.2,27.2,8.2,30.6
9 Oct,0.0,0.0,0.0,0.0,28.8,31.3,27.3,10.3,34.9
10 Oct,0.0,0.0,0.0,0.0,29.3,33.2,27.7,10.5,29.2
11 Oct,0.0,0.0,0.0,0.0,28.6,32.3,27.3,6.8,30.6
12 Oct,0.6,0.4,0.4,0.4,28.2,32.4,25.5,5.1,24.8
13 Oct,0.0,0.0,0.0,0.0,29.1,33.4,26.4,5.5,26.3
14 Oct,1.8,1.8,1.8,1.8,28.2,32.9,24.6,4.3,33.8
15 Oct,0.0,0.0,0.0,0.0,28.2,30.6,25.9,5.8,27.4
16 Oct,7.0,3.8,5.0,5.6,27.9,30.2,26.3,5.8,28.8
17 Oct,9.6,7.0,7.0,7.2,28.3,31.8,26.0,5.6,29.2
18 Oct,44.6,33.4,42.4,43.8,26.6,29.4,24.8,5.2,28.1
19 Oct,0.0,0.0,0.0,0.0,27.7,32.4,24.7,5.6,38.5
20 Oct,0.0,0.0,0.0,0.0,28.8,32.7,26.3,6.8,37.4
21 Oct,1.0,0.6,1.0,1.0,27.0,31.7,24.9,4.6,29.9
22 Oct,4.2,1.6,2.8,4.0,26.1,27.8,24.8,4.1,18.0
23 Oct,0.0,0.0,0.0,0.0,28.4,32.1,25.5,4.7,25.9
24 Oct,0.0,0.0,0.0,0.0,29.0,32.9,26.2,6.2,29.2
25 Oct,0.0,0.0,0.0,0.0,29.3,32.8,26.7,7.8,31.0
26 Oct,0.0,0.0,0.0,0.0,29.4,34.4,27.6,9.8,38.5
27 Oct,37.8,16.2,21.4,31.0,27.6,31.5,24.0,5.8,45.0
28 Oct,9.0,7.6,8.8,9.0,28.1,32.0,25.4,4.1,27.4
29 Oct,1.0,1.0,1.0,1.0,29.1,33.3,26.7,7.3,34.9
30 Oct,6.0,5.4,6.0,6.0,28.4,31.5,26.3,4.2,31.0
31 Oct,0.2,0.2,0.2,0.2,27.8,32.1,25.4,4.4,36.0
1 Sep,0.0,0.0,0.0,0.0,28.9,32.4,26.7,11.5,34.6
2 Sep,0.0,0.0,0.0,0.0,28.4,31.5,26.5,9.8,35.3
3 Sep,36.4,27.8,32.2,36.4,26.6,31.3,22.1,5.1,39.6
4 Sep,0.0,0.0,0.0,0.0,28.2,32.1,25.2,5.9,26.3
5 Sep,0.2,0.2,0.2,0.2,27.8,30.8,24.3,6.9,40.0
6 Sep,0.0,0.0,0.0,0.0,26.9,29.1,23.9,11.2,52.9
7 Sep,0.0,0.0,0.0,0.0,28.3,31.6,26.4,5.8,25.6
8 Sep,0.0,0.0,0.0,0.0,28.9,32.9,26.7,8.0,32.0
9 Sep,0.0,0.0,0.0,0.0,28.3,31.5,26.7,8.4,33.8
10 Sep,0.0,0.0,0.0,0.0,28.7,31.5,27.2,9.7,36.0
11 Sep,31.6,22.0,29.4,30.2,27.2,31.0,23.3,8.9,41.0
12 Sep,0.0,0.0,0.0,0.0,28.0,31.0,25.6,9.0,35.6
13 Sep,0.0,0.0,0.0,0.0,28.7,31.9,27.1,9.6,39.2
14 Sep,0.0,0.0,0.0,0.0,28.7,31.0,27.3,9.2,38.5
15 Sep,0.0,0.0,0.0,0.0,28.8,32.0,27.5,10.0,43.9
16 Sep,0.0,0.0,0.0,0.0,28.7,30.9,27.2,11.4,37.1
17 Sep,0.0,0.0,0.0,0.0,28.5,32.8,26.4,10.8,40.0
18 Sep,0.0,0.0,0.0,0.0,28.6,31.9,27.2,11.0,41.4
19 Sep,0.0,0.0,0.0,0.0,28.8,31.6,27.4,9.3,38.2
20 Sep,10.4,7.8,9.2,10.0,27.5,32.7,25.3,7.6,47.9
21 Sep,4.0,1.6,2.8,3.6,27.6,30.6,25.2,7.8,34.2
22 Sep,0.0,0.0,0.0,0.0,28.7,32.5,26.9,10.3,41.4
23 Sep,0.0,0.0,0.0,0.0,28.7,32.0,26.8,10.1,30.6
24 Sep,3.2,2.4,2.6,3.0,28.4,31.8,25.3,10.4,48.6
25 Sep,10.4,4.6,5.8,7.4,26.6,30.0,24.0,7.1,42.5
26 Sep,0.0,0.0,0.0,0.0,28.3,32.4,26.0,5.9,31.7
27 Sep,0.0,0.0,0.0,0.0,28.9,33.3,27.1,9.7,34.9
28 Sep,0.0,0.0,0.0,0.0,28.8,32.2,26.9,10.3,28.1
29 Sep,0.0,0.0,0.0,0.0,28.8,32.6,27.0,9.4,27.4
30 Sep,0.0,0.0,0.0,0.0,29.1,32.6,27.2,8.3,29.2
1 Aug,0.0,0.0,0.0,0.0,28.3,30.8,26.9,9.4,31.7
2 Aug,12.0,11.8,12.0,12.0,28.4,30.9,24.2,9.1,42.5
3 Aug,1.6,1.6,1.6,1.6,28.1,30.4,25.2,8.7,40.0
4 Aug,0.0,0.0,0.0,0.0,28.4,30.6,27.4,8.8,31.3
5 Aug,6.4,4.2,4.2,4.2,26.2,28.3,23.0,9.2,43.6
6 Aug,8.0,6.8,8.0,8.0,27.1,30.2,24.0,7.8,41.0
7 Aug,2.2,1.4,1.6,1.8,27.1,30.3,24.8,8.5,44.3
8 Aug,0.0,0.0,0.0,0.0,27.4,29.3,26.4,8.3,33.1
9 Aug,0.0,0.0,0.0,0.0,28.4,31.7,26.7,10.8,39.6
10 Aug,0.0,0.0,0.0,0.0,27.9,30.6,26.7,9.0,36.4
11 Aug,0.0,0.0,0.0,0.0,27.5,30.4,26.4,8.2,30.6
12 Aug,7.4,7.0,7.4,7.4,26.6,28.1,23.6,6.5,28.4
13 Aug,1.0,0.4,0.6,1.0,26.1,27.0,24.6,6.7,27.7
14 Aug,3.8,2.0,2.8,3.6,26.6,29.0,25.3,8.9,35.6
15 Aug,28.0,15.4,21.6,22.2,26.2,27.1,23.3,5.6,36.7
16 Aug,0.0,0.0,0.0,0.0,27.9,30.6,26.3,8.8,32.0
17 Aug,0.0,0.0,0.0,0.0,28.1,30.7,27.0,9.7,31.3
18 Aug,0.0,0.0,0.0,0.0,28.2,31.5,26.8,10.5,33.5
19 Aug,40.2,21.2,38.8,40.2,27.7,31.3,23.7,8.0,35.6
20 Aug,0.2,0.2,0.2,0.2,27.7,31.5,26.3,7.4,35.6
21 Aug,22.4,18.6,22.0,22.4,27.4,30.6,23.8,7.5,39.6
22 Aug,0.0,0.0,0.0,0.0,28.1,31.2,26.5,11.3,50.4
23 Aug,0.0,0.0,0.0,0.0,28.2,31.4,26.8,10.2,37.1
24 Aug,0.8,0.8,0.8,0.8,27.3,29.5,26.0,5.7,29.2
25 Aug,5.2,3.2,4.0,5.0,26.8,29.7,24.0,5.8,57.6
26 Aug,11.8,8.2,8.8,11.0,26.6,30.0,22.9,5.9,42.1
27 Aug,18.4,7.0,10.2,16.2,26.6,29.6,22.8,6.9,33.5
28 Aug,52.0,25.4,35.4,50.2,26.0,28.7,22.0,6.6,43.2
29 Aug,20.4,17.8,20.4,20.4,26.7,29.4,23.8,6.3,33.1
30 Aug,0.2,0.2,0.2,0.2,27.4,30.7,25.1,7.7,29.2
31 Aug,3.6,3.6,3.6,3.6,28.0,30.2,26.1,9.9,33.5
1 Jul,0.0,0.0,0.0,0.0,28.4,32.5,26.7,6.3,31.7
2 Jul,0.0,0.0,0.0,0.0,28.7,31.1,27.3,7.4,34.9
3 Jul,0.2,0.2,0.2,0.2,28.3,30.7,26.2,6.6,36.7
4 Jul,1.0,1.0,1.0,1.0,28.2,30.3,26.4,6.9,33.5
5 Jul,3.6,2.8,3.2,3.2,27.5,29.5,24.0,6.2,43.2
6 Jul,0.0,0.0,0.0,0.0,28.6,31.0,27.4,7.2,45.0
7 Jul,10.8,5.6,7.8,10.8,28.2,30.9,23.3,7.2,33.5
8 Jul,7.4,3.0,5.4,6.6,27.6,30.4,23.3,7.5,51.5
9 Jul,49.0,42.4,47.6,48.2,27.0,28.2,22.8,8.8,59.0
10 Jul,0.8,0.8,0.8,0.8,28.4,31.5,27.1,9.2,31.0
11 Jul,2.4,1.6,1.6,1.6,28.1,30.5,26.4,6.0,25.9
12 Jul,0.2,0.2,0.2,0.2,27.3,30.1,24.3,5.9,33.5
13 Jul,0.0,0.0,0.0,0.0,28.5,31.8,26.4,10.5,33.1
14 Jul,0.0,0.0,0.0,0.0,29.5,32.6,27.9,8.7,32.0
15 Jul,0.0,0.0,0.0,0.0,29.1,32.3,28.1,10.0,28.8
16 Jul,0.0,0.0,0.0,0.0,29.2,33.1,27.6,9.1,29.9
17 Jul,16.4,16.2,16.4,16.4,27.8,30.0,23.0,8.4,44.6
18 Jul,0.0,0.0,0.0,0.0,28.8,32.5,27.4,8.8,37.8
19 Jul,0.0,0.0,0.0,0.0,28.7,31.4,26.9,8.4,38.9
20 Jul,0.0,0.0,0.0,0.0,29.0,32.0,27.4,8.4,36.0
21 Jul,0.0,0.0,0.0,0.0,29.0,31.9,27.7,10.7,37.4
22 Jul,0.0,0.0,0.0,0.0,29.1,31.1,27.7,11.1,40.7
23 Jul,0.0,0.0,0.0,0.0,29.2,31.8,27.8,9.8,35.3
24 Jul,0.0,0.0,0.0,0.0,29.1,31.2,27.6,9.4,35.3
25 Jul,0.0,0.0,0.0,0.0,29.3,32.7,27.5,10.0,37.1
26 Jul,0.0,0.0,0.0,0.0,29.5,32.5,27.8,10.1,33.5
27 Jul,21.8,16.8,21.4,21.8,28.0,31.3,23.0,8.8,48.2
28 Jul,0.0,0.0,0.0,0.0,28.7,31.1,27.6,8.7,41.4
29 Jul,88.4,40.2,73.2,86.6,27.3,30.2,22.9,8.4,37.8
30 Jul,19.6,17.8,18.4,19.4,27.4,29.9,24.3,7.6,52.2
31 Jul,0.2,0.2,0.2,0.2,27.3,28.6,25.2,9.5,47.5
1 Jun,6.0,2.6,2.8,2.8,28.1,30.8,25.9,6.4,35.3
2 Jun,0.0,0.0,0.0,0.0,28.7,31.5,27.5,6.5,42.1
3 Jun,0.0,0.0,0.0,0.0,29.0,31.4,27.6,8.6,34.6
4 Jun,7.4,5.8,5.8,6.4,27.8,28.8,25.9,6.8,29.5
5 Jun,5.0,1.4,1.6,2.8,26.9,28.4,24.9,7.4,43.2
6 Jun,17.2,12.2,12.4,15.6,27.2,29.8,25.1,7.5,40.0
7 Jun,0.0,0.0,0.0,0.0,28.8,31.2,27.2,8.3,32.0
8 Jun,0.0,0.0,0.0,0.0,29.5,32.7,27.7,8.4,31.7
9 Jun,0.0,0.0,0.0,0.0,29.4,33.5,27.8,7.9,28.1
10 Jun,1.0,0.4,0.8,1.0,29.6,33.4,27.7,7.9,41.0
11 Jun,0.0,0.0,0.0,0.0,29.7,32.9,28.0,7.9,31.3
12 Jun,13.4,10.0,12.8,13.2,28.8,32.7,23.0,9.5,70.6
13 Jun,0.0,0.0,0.0,0.0,29.5,32.2,28.0,7.7,27.7
14 Jun,6.6,5.4,6.2,6.2,27.4,29.7,23.3,6.1,42.1
15 Jun,23.2,19.4,23.2,23.2,28.9,31.1,25.5,8.0,38.5
16 Jun,0.0,0.0,0.0,0.0,29.6,32.3,28.1,9.4,35.6
17 Jun,0.0,0.0,0.0,0.0,29.8,32.7,28.1,9.7,33.8
18 Jun,8.0,5.0,5.8,7.0,28.4,31.7,23.4,8.8,38.9
19 Jun,3.0,3.0,3.0,3.0,28.7,32.5,24.4,7.9,40.0
20 Jun,0.0,0.0,0.0,0.0,29.7,32.9,28.3,9.6,31.0
21 Jun,0.0,0.0,0.0,0.0,30.2,33.6,28.4,8.4,34.9
22 Jun,11.2,10.2,11.2,11.2,29.4,32.5,27.0,7.6,29.5
23 Jun,0.0,0.0,0.0,0.0,29.6,32.4,28.0,6.3,32.8
24 Jun,0.6,0.4,0.4,0.6,29.3,32.6,25.1,6.7,29.9
25 Jun,0.0,0.0,0.0,0.0,28.1,31.0,24.0,8.3,33.1
26 Jun,0.0,0.0,0.0,0.0,29.0,31.5,27.8,8.9,36.7
27 Jun,0.0,0.0,0.0,0.0,27.2,28.7,24.8,8.5,41.8
28 Jun,0.0,0.0,0.0,0.0,28.4,31.3,26.9,6.8,22.7
29 Jun,0.0,0.0,0.0,0.0,28.8,31.9,25.4,6.1,31.3
30 Jun,22.4,12.2,15.0,19.2,26.9,29.1,23.9,7.1,40.0
1 May,0.0,0.0,0.0,0.0,28.0,30.7,24.4,6.2,29.9
2 May,0.0,0.0,0.0,0.0,29.4,32.2,27.5,6.8,27.4
3 May,0.0,0.0,0.0,0.0,29.4,33.4,28.1,9.1,36.4
4 May,0.0,0.0,0.0,0.0,29.4,33.0,27.6,6.9,34.2
5 May,0.4,0.4,0.4,0.4,29.2,32.6,27.0,8.4,40.7
6 May,0.0,0.0,0.0,0.0,29.3,32.9,27.4,7.7,33.5
7 May,30.2,27.0,28.6,29.8,27.9,33.1,24.6,4.5,34.9
8 May,0.2,0.2,0.2,0.2,27.4,30.5,25.0,4.3,30.6
9 May,0.4,0.4,0.4,0.4,28.7,32.2,26.7,5.8,22.7
10 May,0.0,0.0,0.0,0.0,29.7,32.6,28.0,7.8,27.0
11 May,0.0,0.0,0.0,0.0,29.0,33.1,26.7,4.8,28.4
12 May,0.0,0.0,0.0,0.0,28.3,30.8,27.0,5.0,32.4
13 May,0.0,0.0,0.0,0.0,29.3,33.1,26.1,5.3,30.2
14 May,6.6,5.6,6.4,6.6,27.9,29.3,24.8,6.8,40.0
15 May,5.4,5.4,5.4,5.4,29.0,32.5,26.8,6.8,31.3
16 May,19.4,17.2,19.4,19.4,28.4,31.4,23.4,6.9,46.8
17 May,10.6,5.8,6.0,6.0,28.2,30.5,26.3,7.3,37.1
18 May,84.4,34.2,38.0,40.4,26.4,28.8,23.6,5.3,49.3
19 May,25.8,17.8,19.4,19.8,26.9,30.5,23.7,6.8,30.6
20 May,3.8,1.2,2.0,3.4,27.5,31.3,23.8,5.7,25.9
21 May,0.0,0.0,0.0,0.0,28.0,32.2,26.2,4.9,30.2
22 May,0.0,0.0,0.0,0.0,28.8,31.9,26.6,7.4,31.3
23 May,4.0,3.0,3.2,3.6,27.2,30.8,24.7,5.5,37.1
24 May,0.0,0.0,0.0,0.0,28.1,31.6,25.7,8.0,41.8
25 May,0.0,0.0,0.0,0.0,29.2,32.2,27.2,7.5,31.3
26 May,0.0,0.0,0.0,0.0,28.6,31.7,27.2,5.7,25.2
27 May,0.2,0.2,0.2,0.2,27.7,30.2,25.9,6.1,28.4
28 May,2.2,0.8,1.2,1.2,28.6,33.3,26.1,7.6,32.0
29 May,3.0,2.6,3.0,3.0,29.0,32.7,26.1,4.4,27.4
30 May,29.8,10.0,11.2,11.2,27.4,30.7,25.0,5.6,30.6
31 May,1.4,1.0,1.0,1.0,28.4,30.9,25.9,8.4,32.0
1 Apr,0.2,0.2,0.2,0.2,28.3,32.3,26.5,5.6,27.7
2 Apr,0.0,0.0,0.0,0.0,28.8,33.2,26.9,7.0,31.3
3 Apr,0.0,0.0,0.0,0.0,29.1,34.1,27.2,10.4,50.4
4 Apr,1.8,1.0,1.0,1.0,28.1,31.4,25.9,5.0,22.3
5 Apr,72.4,44.2,47.0,47.6,26.1,28.1,23.9,5.3,33.1
6 Apr,0.6,0.6,0.6,0.6,28.2,32.2,25.0,5.7,29.9
7 Apr,0.0,0.0,0.0,0.0,28.6,33.8,25.8,5.8,36.4
8 Apr,0.4,0.2,0.2,0.4,28.0,32.5,25.4,5.6,31.3
9 Apr,0.0,0.0,0.0,0.0,27.9,32.5,25.1,5.1,32.0
10 Apr,0.0,0.0,0.0,0.0,28.0,32.7,26.2,4.5,34.2
11 Apr,1.4,1.4,1.4,1.4,27.7,32.0,24.9,4.7,32.8
12 Apr,2.2,0.8,1.2,1.4,26.8,30.0,23.3,5.1,39.6
13 Apr,1.2,1.2,1.2,1.2,28.0,31.9,25.2,6.1,25.2
14 Apr,60.0,32.0,53.2,60.0,28.0,32.3,23.4,5.4,30.2
15 Apr,0.0,0.0,0.0,0.0,28.3,31.6,25.7,5.4,30.2
16 Apr,0.0,0.0,0.0,0.0,28.5,32.2,26.4,4.7,24.8
17 Apr,17.2,14.2,15.4,15.4,28.3,32.3,26.1,5.3,28.4
18 Apr,72.2,44.6,55.6,68.0,27.4,29.9,24.8,6.6,41.8
19 Apr,0.0,0.0,0.0,0.0,28.8,33.6,25.8,6.2,27.0
20 Apr,0.0,0.0,0.0,0.0,28.0,30.1,26.3,7.0,45.0
21 Apr,3.8,2.0,3.4,3.8,26.7,28.7,25.3,4.8,36.0
22 Apr,0.0,0.0,0.0,0.0,28.0,33.4,25.4,4.1,27.7
23 Apr,4.2,3.4,4.2,4.2,28.1,32.4,25.7,5.2,39.2
24 Apr,0.6,0.2,0.4,0.6,28.2,33.7,25.5,6.7,29.9
25 Apr,0.0,0.0,0.0,0.0,28.3,33.7,25.8,4.7,27.0
26 Apr,2.8,2.6,2.6,2.6,28.6,32.0,27.1,4.2,24.5
27 Apr,2.8,2.2,2.6,2.6,28.5,31.7,24.5,5.3,38.9
28 Apr,15.6,7.0,7.6,8.4,28.4,32.6,24.8,5.1,31.7
29 Apr,38.0,34.0,37.8,38.0,28.4,31.9,24.7,4.6,35.3
30 Apr,0.0,0.0,0.0,0.0,28.3,31.3,26.5,5.6,22.0
1 Mar,0.0,0.0,0.0,0.0,27.2,31.9,25.2,8.1,38.9
2 Mar,0.0,0.0,0.0,0.0,27.7,33.8,24.7,7.0,30.6
3 Mar,0.0,0.0,0.0,0.0,27.4,32.5,25.0,6.9,36.7
4 Mar,0.0,0.0,0.0,0.0,27.3,32.0,25.1,8.2,36.7
5 Mar,0.0,0.0,0.0,0.0,27.6,34.2,24.5,7.7,39.2
6 Mar,0.0,0.0,0.0,0.0,27.0,31.0,24.3,8.1,38.2
7 Mar,0.0,0.0,0.0,0.0,27.3,31.5,24.7,7.7,33.1
8 Mar,0.0,0.0,0.0,0.0,27.6,32.9,25.2,7.9,37.8
9 Mar,0.0,0.0,0.0,0.0,27.3,31.5,24.6,8.6,42.1
10 Mar,0.0,0.0,0.0,0.0,27.3,31.6,25.1,8.6,43.6
11 Mar,0.0,0.0,0.0,0.0,27.8,32.9,24.9,8.9,40.7
12 Mar,0.0,0.0,0.0,0.0,27.7,32.6,25.2,9.1,38.2
13 Mar,0.0,0.0,0.0,0.0,28.1,34.1,25.1,7.4,35.3
14 Mar,0.0,0.0,0.0,0.0,28.4,33.2,25.3,7.4,37.8
15 Mar,3.8,3.6,3.6,3.8,27.7,30.7,26.0,9.1,38.5
16 Mar,25.4,6.2,8.6,15.8,25.7,27.2,23.8,5.7,45.7
17 Mar,11.0,5.0,7.0,7.2,25.9,27.8,24.7,5.1,29.2
18 Mar,15.8,9.2,10.4,14.2,26.3,29.8,24.9,5.2,35.6
19 Mar,0.0,0.0,0.0,0.0,26.5,30.4,24.6,4.8,33.1
20 Mar,42.2,20.6,34.6,42.2,26.8,32.2,24.3,4.5,25.2
21 Mar,1.6,1.6,1.6,1.6,27.1,31.6,24.9,5.5,24.8
22 Mar,0.0,0.0,0.0,0.0,27.3,30.2,25.1,6.4,34.6
23 Mar,0.0,0.0,0.0,0.0,27.6,32.0,24.7,7.6,36.4
24 Mar,0.0,0.0,0.0,0.0,27.9,32.2,25.1,7.3,34.2
25 Mar,0.0,0.0,0.0,0.0,28.1,32.8,25.5,8.3,34.9
26 Mar,0.0,0.0,0.0,0.0,28.3,32.0,25.9,6.4,32.0
27 Mar,0.0,0.0,0.0,0.0,28.4,32.3,25.8,7.2,32.8
28 Mar,0.0,0.0,0.0,0.0,28.4,32.2,26.2,8.5,37.8
29 Mar,0.0,0.0,0.0,0.0,28.1,32.7,26.4,5.9,28.1
30 Mar,0.0,0.0,0.0,0.0,28.4,32.6,26.2,7.0,26.3
31 Mar,0.0,0.0,0.0,0.0,28.8,33.7,26.9,8.6,37.4
1 Feb,0.0,0.0,0.0,0.0,26.1,32.8,23.0,7.7,38.2
2 Feb,0.0,0.0,0.0,0.0,25.7,30.3,23.4,7.2,33.1
3 Feb,0.0,0.0,0.0,0.0,26.1,31.0,23.6,7.0,29.5
4 Feb,0.0,0.0,0.0,0.0,26.4,31.2,23.6,7.4,31.0
5 Feb,0.0,0.0,0.0,0.0,26.2,31.6,23.3,7.4,32.0
6 Feb,0.0,0.0,0.0,0.0,26.5,31.8,23.5,7.2,33.1
7 Feb,0.0,0.0,0.0,0.0,26.5,31.5,24.1,6.8,31.3
8 Feb,0.0,0.0,0.0,0.0,26.6,31.4,24.4,6.3,31.3
9 Feb,0.4,0.2,0.2,0.2,27.0,31.7,24.7,6.8,30.2
10 Feb,0.0,0.0,0.0,0.0,27.5,32.2,24.6,6.2,30.6
11 Feb,0.0,0.0,0.0,0.0,27.5,32.2,25.0,6.2,34.6
12 Feb,0.0,0.0,0.0,0.0,27.3,32.4,24.6,8.3,38.2
13 Feb,0.0,0.0,0.0,0.0,27.6,33.1,25.4,8.5,39.6
14 Feb,0.0,0.0,0.0,0.0,27.3,31.0,25.2,8.3,38.9
15 Feb,0.0,0.0,0.0,0.0,27.3,30.8,25.0,9.2,39.6
16 Feb,0.0,0.0,0.0,0.0,27.3,31.2,25.2,8.4,39.2
17 Feb,0.0,0.0,0.0,0.0,27.2,31.1,25.2,8.6,36.4
18 Feb,0.0,0.0,0.0,0.0,27.5,32.4,25.2,7.7,31.3
19 Feb,0.0,0.0,0.0,0.0,27.3,31.8,25.0,7.8,34.6
20 Feb,0.0,0.0,0.0,0.0,27.4,31.6,25.1,9.4,45.7
21 Feb,0.0,0.0,0.0,0.0,27.1,30.1,25.5,9.4,40.7
22 Feb,0.0,0.0,0.0,0.0,27.6,32.0,24.8,10.6,44.6
23 Feb,0.0,0.0,0.0,0.0,27.0,30.8,24.5,8.1,44.6
24 Feb,0.0,0.0,0.0,0.0,26.7,31.3,24.4,8.8,38.9
25 Feb,0.0,0.0,0.0,0.0,26.8,31.1,24.1,7.7,37.1
26 Feb,0.0,0.0,0.0,0.0,27.0,31.4,24.4,8.4,37.8
27 Feb,0.0,0.0,0.0,0.0,27.3,31.8,24.6,9.2,41.0
28 Feb,0.0,0.0,0.0,0.0,27.1,31.4,25.0,9.4,40.0
1 Jan,0.0,0.0,0.0,0.0,26.4,29.0,24.4,7.4,40.3
2 Jan,0.0,0.0,0.0,0.0,27.1,30.6,25.0,7.1,35.6
3 Jan,0.8,0.4,0.6,0.8,26.7,30.5,25.1,6.7,37.8
4 Jan,23.8,17.0,23.6,23.8,26.5,31.9,24.2,4.8,34.9
5 Jan,5.6,1.4,2.6,4.2,24.7,25.9,23.5,5.9,31.0
6 Jan,26.8,6.2,7.6,12.0,25.0,26.4,23.6,4.6,32.0
7 Jan,0.0,0.0,0.0,0.0,26.5,30.2,24.2,5.2,25.2
8 Jan,0.0,0.0,0.0,0.0,27.1,32.0,24.7,6.9,34.9
9 Jan,2.0,1.8,1.8,1.8,25.8,28.9,24.1,4.4,30.6
10 Jan,0.0,0.0,0.0,0.0,27.1,32.1,24.0,4.3,27.4
11 Jan,3.2,2.6,3.0,3.0,26.7,31.6,23.9,7.8,45.0
12 Jan,0.2,0.2,0.2,0.2,26.0,28.5,24.9,8.0,40.3
13 Jan,0.0,0.0,0.0,0.0,26.6,29.4,24.8,9.5,41.8
14 Jan,0.0,0.0,0.0,0.0,26.4,29.7,24.5,8.3,40.7
15 Jan,0.0,0.0,0.0,0.0,25.7,28.1,24.4,8.5,37.4
16 Jan,0.0,0.0,0.0,0.0,25.8,28.7,24.0,9.0,39.6
17 Jan,0.0,0.0,0.0,0.0,25.8,28.9,23.7,10.1,44.3
18 Jan,0.0,0.0,0.0,0.0,25.7,28.4,24.0,9.7,43.6
19 Jan,0.0,0.0,0.0,0.0,25.7,29.0,23.6,8.8,41.8
20 Jan,0.0,0.0,0.0,0.0,25.7,29.6,23.8,9.3,44.3
21 Jan,0.0,0.0,0.0,0.0,25.6,29.0,23.7,9.0,41.4
22 Jan,0.0,0.0,0.0,0.0,25.3,28.6,23.4,9.3,43.2
23 Jan,0.0,0.0,0.0,0.0,25.5,29.1,23.5,8.7,38.9
24 Jan,0.0,0.0,0.0,0.0,25.4,28.3,23.5,9.3,42.8
25 Jan,0.0,0.0,0.0,0.0,25.5,29.1,23.8,8.2,32.8
26 Jan,0.0,0.0,0.0,0.0,25.4,29.5,23.3,7.8,38.9
27 Jan,0.0,0.0,0.0,0.0,25.5,29.1,23.3,9.3,41.0
28 Jan,0.0,0.0,0.0,0.0,26.1,29.5,24.2,9.4,44.3
29 Jan,0.0,0.0,0.0,0.0,26.2,29.9,23.9,9.4,44.6
30 Jan,0.0,0.0,0.0,0.0,25.8,30.1,23.3,8.7,39.6
31 Jan,0.0,0.0,0.0,0.0,26.0,30.3,23.5,9.2,39.6
